Key,File,Line,Severity,Type,Rule,Message,Status
AZ_Qr4bUs5KeDF11f8-s,backend/app/api/documents.py,45,MAJOR,CODE_SMELL,python:S8415,"Document this HTTPException with status code 400 in the ""responses"" parameter.",OPEN
AZ_Qr4bUs5KeDF11f8-t,backend/app/api/documents.py,49,MAJOR,CODE_SMELL,python:S8415,"Document this HTTPException with status code 403 in the ""responses"" parameter.",OPEN
AZ_Qr4igs5KeDF11f9AI,backend/app/api/shipments.py,253,MAJOR,CODE_SMELL,python:S8415,"Document this HTTPException with status code 400 in the ""responses"" parameter.",OPEN
AZ_Qr4j_s5KeDF11f9Ae,backend/app/utils/helpers.py,66,MAJOR,CODE_SMELL,python:S8513,"Replace chained ""startswith"" calls with a single call using a tuple argument.",OPEN
AZ_Qr4j_s5KeDF11f9Af,backend/app/utils/helpers.py,66,MINOR,VULNERABILITY,python:S5332,Using HTTP protocol is insecure. Use HTTPS instead.,OPEN
AZ_Qr41Ys5KeDF11f9HB,frontend/src/app/api/proxy/[...path]/route.ts,12,CRITICAL,CODE_SMELL,typescript:S3776,Refactor this function to reduce its Cognitive Complexity from 21 to the 15 allowed.,OPEN
AZ_Qr41Ys5KeDF11f9HA,frontend/src/app/api/proxy/[...path]/route.ts,5,MAJOR,CODE_SMELL,typescript:S8786,"Simplify this regular expression to reduce its runtime, as it has super-linear performance due to backtracking.",OPEN
AZ_Qr4ghs5KeDF11f8_P,backend/app/api/dispatch.py,26,CRITICAL,CODE_SMELL,python:S1192,"Define a constant instead of duplicating this literal ""In Transit"" 5 times.",OPEN
AZ_Qr4fUs5KeDF11f8-w,backend/app/api/logistics.py,152,CRITICAL,CODE_SMELL,python:S1192,"Define a constant instead of duplicating this literal ""In Transit"" 3 times.",OPEN
AZ_Qr4r9s5KeDF11f9Cv,frontend/src/app/(customer)/customer/simulation/page.tsx,377,MAJOR,VULNERABILITY,typescript:S2245,Make sure that using this pseudorandom number generator is safe here.,OPEN
AZ_Qr4hgs5KeDF11f8_g,backend/app/api/tracking.py,73,CRITICAL,CODE_SMELL,python:S1192,"Define a constant instead of duplicating this literal ""Shipment not found"" 5 times.",OPEN
AZ_Qr4qos5KeDF11f9B2,frontend/src/components/dashboards/LogisticsDashboard.tsx,33,MAJOR,VULNERABILITY,typescript:S2245,Make sure that using this pseudorandom number generator is safe here.,OPEN
AZ_Qr4qos5KeDF11f9B3,frontend/src/components/dashboards/LogisticsDashboard.tsx,195,MAJOR,CODE_SMELL,typescript:S9011,"Add an explicit ""type"" attribute to this button.",OPEN
AZ_Qr4qos5KeDF11f9B4,frontend/src/components/dashboards/LogisticsDashboard.tsx,198,MAJOR,CODE_SMELL,typescript:S9011,"Add an explicit ""type"" attribute to this button.",OPEN
AZ_Qr4qos5KeDF11f9B5,frontend/src/components/dashboards/LogisticsDashboard.tsx,242,MAJOR,CODE_SMELL,typescript:S9011,"Add an explicit ""type"" attribute to this button.",OPEN
AZ_Qr4qos5KeDF11f9B6,frontend/src/components/dashboards/LogisticsDashboard.tsx,305,MAJOR,CODE_SMELL,typescript:S9011,"Add an explicit ""type"" attribute to this button.",OPEN
AZ_Qr4qos5KeDF11f9B7,frontend/src/components/dashboards/LogisticsDashboard.tsx,323,MAJOR,CODE_SMELL,typescript:S6853,A form label must be associated with a control.,OPEN
AZ_Qr4qos5KeDF11f9B8,frontend/src/components/dashboards/LogisticsDashboard.tsx,325,MAJOR,CODE_SMELL,typescript:S6772,Ambiguous spacing before next element span,OPEN
AZ_Qr4qos5KeDF11f9B9,frontend/src/components/dashboards/LogisticsDashboard.tsx,354,MAJOR,CODE_SMELL,typescript:S6853,A form label must be associated with a control.,OPEN
AZ_Qr4qos5KeDF11f9B-,frontend/src/components/dashboards/LogisticsDashboard.tsx,360,MAJOR,CODE_SMELL,typescript:S6853,A form label must be associated with a control.,OPEN
AZ_Qr4qos5KeDF11f9B_,frontend/src/components/dashboards/LogisticsDashboard.tsx,370,MAJOR,CODE_SMELL,typescript:S6853,A form label must be associated with a control.,OPEN
AZ_Qr4qos5KeDF11f9CA,frontend/src/components/dashboards/LogisticsDashboard.tsx,376,MAJOR,CODE_SMELL,typescript:S6853,A form label must be associated with a control.,OPEN
AZ_Qr4qos5KeDF11f9CB,frontend/src/components/dashboards/LogisticsDashboard.tsx,388,MAJOR,CODE_SMELL,typescript:S6853,A form label must be associated with a control.,OPEN
AZ_Qr4qos5KeDF11f9CC,frontend/src/components/dashboards/LogisticsDashboard.tsx,394,MAJOR,CODE_SMELL,typescript:S6853,A form label must be associated with a control.,OPEN
AZ_Qr4qos5KeDF11f9CD,frontend/src/components/dashboards/LogisticsDashboard.tsx,403,MAJOR,CODE_SMELL,typescript:S6853,A form label must be associated with a control.,OPEN
AZ_Qr4wGs5KeDF11f9E9,frontend/src/app/(driver)/layout.tsx,61,MAJOR,CODE_SMELL,typescript:S9011,"Add an explicit ""type"" attribute to this button.",OPEN
AZ_Qr4pss5KeDF11f9BV,frontend/src/components/shared/MobileSidebarWrapper.tsx,10,MINOR,CODE_SMELL,typescript:S6759,Mark the props of the component as read-only.,OPEN
AZ_Qr4pss5KeDF11f9BW,frontend/src/components/shared/MobileSidebarWrapper.tsx,29,MAJOR,CODE_SMELL,typescript:S9011,"Add an explicit ""type"" attribute to this button.",OPEN
AZ_Qr4pss5KeDF11f9BX,frontend/src/components/shared/MobileSidebarWrapper.tsx,39,MAJOR,CODE_SMELL,typescript:S6848,"Avoid non-native interactive elements. If using native HTML is not possible, add an appropriate role and support for tabbing, mouse, keyboard, and touch inputs to an interactive content element.",OPEN
AZ_Qr4pss5KeDF11f9BY,frontend/src/components/shared/MobileSidebarWrapper.tsx,39,MINOR,BUG,typescript:S1082,"Visible, non-interactive elements with click handlers must have at least one keyboard listener.",OPEN
AZ_Qr4pss5KeDF11f9BZ,frontend/src/components/shared/MobileSidebarWrapper.tsx,52,MAJOR,CODE_SMELL,typescript:S9011,"Add an explicit ""type"" attribute to this button.",OPEN
AZ_Qr4sJs5KeDF11f9DP,frontend/src/app/(customer)/customer/support/page.tsx,222,MAJOR,CODE_SMELL,typescript:S3358,Extract this nested ternary operation into an independent statement.,OPEN
AZ_Qr4x1s5KeDF11f9Fa,frontend/src/app/(public)/partners/page.tsx,55,MAJOR,CODE_SMELL,typescript:S6535,Unnecessary escape character: \-.,OPEN
AZ_Qr4x1s5KeDF11f9Fd,frontend/src/app/(public)/partners/page.tsx,156,MAJOR,CODE_SMELL,typescript:S9011,"Add an explicit ""type"" attribute to this button.",OPEN
AZ_Qr4x1s5KeDF11f9Fe,frontend/src/app/(public)/partners/page.tsx,165,MAJOR,CODE_SMELL,typescript:S6853,A form label must be associated with a control.,OPEN
AZ_Qr4x1s5KeDF11f9Ff,frontend/src/app/(public)/partners/page.tsx,172,MAJOR,CODE_SMELL,typescript:S6853,A form label must be associated with a control.,OPEN
AZ_Qr4x1s5KeDF11f9Fg,frontend/src/app/(public)/partners/page.tsx,179,MAJOR,CODE_SMELL,typescript:S6853,A form label must be associated with a control.,OPEN
AZ_Qr4zPs5KeDF11f9GA,frontend/src/app/(public)/industries/consultation/page.tsx,46,MAJOR,CODE_SMELL,typescript:S6535,Unnecessary escape character: \-.,OPEN
AZ_Qr4rws5KeDF11f9Cm,frontend/src/app/(customer)/customer/insurance/page.tsx,78,MINOR,CODE_SMELL,typescript:S7773,Prefer `Number.isNaN` over `isNaN`.,OPEN
AZ_Qr4rws5KeDF11f9Cq,frontend/src/app/(customer)/customer/insurance/page.tsx,213,MINOR,CODE_SMELL,typescript:S6353,Use concise character class syntax '\D' instead of '[^0-9]'.,OPEN
AZ_Qr40Ts5KeDF11f9GX,frontend/src/app/(public)/quote/page.tsx,185,MINOR,CODE_SMELL,typescript:S7773,Prefer `Number.parseFloat` over `parseFloat`.,OPEN
AZ_Qr4kIs5KeDF11f9Ai,backend/app/main.py,78,MINOR,CODE_SMELL,python:S8410,"Use ""Annotated"" type hints for FastAPI dependency injection",OPEN
AZ_Qr4p2s5KeDF11f9Ba,frontend/src/components/shared/PublicNavbar.tsx,80,MAJOR,CODE_SMELL,typescript:S9011,"Add an explicit ""type"" attribute to this button.",OPEN
AZ_Qr4p2s5KeDF11f9Bb,frontend/src/components/shared/PublicNavbar.tsx,85,MAJOR,CODE_SMELL,typescript:S9011,"Add an explicit ""type"" attribute to this button.",OPEN
AZ_Qr4sXs5KeDF11f9Df,frontend/src/app/(customer)/customer/quotes/page.tsx,607,MAJOR,CODE_SMELL,typescript:S6848,"Avoid non-native interactive elements. If using native HTML is not possible, add an appropriate role and support for tabbing, mouse, keyboard, and touch inputs to an interactive content element.",OPEN
AZ_Qr4sXs5KeDF11f9Dh,frontend/src/app/(customer)/customer/quotes/page.tsx,647,MAJOR,CODE_SMELL,typescript:S6848,"Avoid non-native interactive elements. If using native HTML is not possible, add an appropriate role and support for tabbing, mouse, keyboard, and touch inputs to an interactive content element.",OPEN
AZ_Qr4wks5KeDF11f9FE,frontend/src/app/(public)/products/pricing/page.tsx,136,MAJOR,CODE_SMELL,typescript:S9011,"Add an explicit ""type"" attribute to this button.",OPEN
AZ_Qr4wks5KeDF11f9FF,frontend/src/app/(public)/products/pricing/page.tsx,178,MAJOR,CODE_SMELL,typescript:S9011,"Add an explicit ""type"" attribute to this button.",OPEN
AZ_Qr4uks5KeDF11f9D4,frontend/src/app/(customer)/customer/feedback/page.tsx,77,MAJOR,CODE_SMELL,typescript:S6853,A form label must be associated with a control.,OPEN
AZ_Qr4uks5KeDF11f9D5,frontend/src/app/(customer)/customer/feedback/page.tsx,100,MAJOR,CODE_SMELL,typescript:S3358,Extract this nested ternary operation into an independent statement.,OPEN
AZ_Qr4uks5KeDF11f9D6,frontend/src/app/(customer)/customer/feedback/page.tsx,100,MAJOR,CODE_SMELL,typescript:S3358,Extract this nested ternary operation into an independent statement.,OPEN
AZ_Qr4uks5KeDF11f9D7,frontend/src/app/(customer)/customer/feedback/page.tsx,100,MAJOR,CODE_SMELL,typescript:S3358,Extract this nested ternary operation into an independent statement.,OPEN
AZ_Qr4uks5KeDF11f9D8,frontend/src/app/(customer)/customer/feedback/page.tsx,107,MAJOR,CODE_SMELL,typescript:S6853,A form label must be associated with a control.,OPEN
AZ_Qr4uks5KeDF11f9D9,frontend/src/app/(customer)/customer/feedback/page.tsx,118,MAJOR,CODE_SMELL,typescript:S6853,A form label must be associated with a control.,OPEN
AZ_Qr4uks5KeDF11f9D-,frontend/src/app/(customer)/customer/feedback/page.tsx,129,MAJOR,CODE_SMELL,typescript:S6853,A form label must be associated with a control.,OPEN
AZ_Qr4yps5KeDF11f9F3,frontend/src/app/(public)/Home.tsx,390,MAJOR,CODE_SMELL,typescript:S6479,Do not use Array index in keys,OPEN
AZ_Qr4jHs5KeDF11f9AT,backend/app/services/email_service.py,63,MAJOR,CODE_SMELL,python:S8572,"Use ""logging.exception()"" instead.",OPEN
AZ_Qr4yes5KeDF11f9Ft,frontend/src/app/(public)/track/page.tsx,118,MAJOR,CODE_SMELL,typescript:S6479,Do not use Array index in keys,OPEN
AZ_Qr4kIs5KeDF11f9Ah,backend/app/main.py,90,BLOCKER,VULNERABILITY,python:S8392,Avoid binding the application to all network interfaces.,OPEN
AZ_Qr41is5KeDF11f9HJ,frontend/src/app/(admin)/admin/branches/page.tsx,260,MAJOR,CODE_SMELL,typescript:S9011,"Add an explicit ""type"" attribute to this button.",OPEN
AZ_Qr41is5KeDF11f9HL,frontend/src/app/(admin)/admin/branches/page.tsx,278,MAJOR,CODE_SMELL,typescript:S9011,"Add an explicit ""type"" attribute to this button.",OPEN
AZ_Qr41is5KeDF11f9HM,frontend/src/app/(admin)/admin/branches/page.tsx,281,MAJOR,CODE_SMELL,typescript:S6853,A form label must be associated with a control.,OPEN
AZ_Qr41is5KeDF11f9HN,frontend/src/app/(admin)/admin/branches/page.tsx,281,MINOR,CODE_SMELL,typescript:S6353,Use concise character class syntax '\d' instead of '[0-9]'.,OPEN
AZ_Qr41is5KeDF11f9HO,frontend/src/app/(admin)/admin/branches/page.tsx,282,MAJOR,CODE_SMELL,typescript:S6853,A form label must be associated with a control.,OPEN
AZ_Qr41is5KeDF11f9HP,frontend/src/app/(admin)/admin/branches/page.tsx,283,MAJOR,CODE_SMELL,typescript:S6853,A form label must be associated with a control.,OPEN
AZ_Qr42Ws5KeDF11f9Hu,frontend/src/app/(admin)/admin/notifications/page.tsx,202,MAJOR,CODE_SMELL,typescript:S6853,A form label must be associated with a control.,OPEN
AZ_Qr42Ws5KeDF11f9Hv,frontend/src/app/(admin)/admin/notifications/page.tsx,202,MINOR,CODE_SMELL,typescript:S6353,Use concise character class syntax '\d' instead of '[0-9]'.,OPEN
AZ_Qr42As5KeDF11f9He,frontend/src/app/(admin)/admin/users/new/page.tsx,105,MINOR,CODE_SMELL,typescript:S6353,Use concise character class syntax '\d' instead of '[0-9]'.,OPEN
AZ_Qr412s5KeDF11f9HS,frontend/src/app/(admin)/admin/users/page.tsx,285,MAJOR,CODE_SMELL,typescript:S9011,"Add an explicit ""type"" attribute to this button.",OPEN
AZ_Qr412s5KeDF11f9HW,frontend/src/app/(admin)/admin/users/page.tsx,317,MAJOR,CODE_SMELL,typescript:S9011,"Add an explicit ""type"" attribute to this button.",OPEN
AZ_Qr412s5KeDF11f9HX,frontend/src/app/(admin)/admin/users/page.tsx,320,MAJOR,CODE_SMELL,typescript:S6853,A form label must be associated with a control.,OPEN
AZ_Qr412s5KeDF11f9HY,frontend/src/app/(admin)/admin/users/page.tsx,320,MINOR,CODE_SMELL,typescript:S6353,Use concise character class syntax '\d' instead of '[0-9]'.,OPEN
AZ_Qr412s5KeDF11f9HZ,frontend/src/app/(admin)/admin/users/page.tsx,321,MAJOR,CODE_SMELL,typescript:S6853,A form label must be associated with a control.,OPEN
AZ_Qr412s5KeDF11f9Ha,frontend/src/app/(admin)/admin/users/page.tsx,326,MAJOR,CODE_SMELL,typescript:S6853,A form label must be associated with a control.,OPEN
AZ_Qr44ss5KeDF11f9J1,frontend/src/app/(auth)/register/page.tsx,79,MINOR,CODE_SMELL,typescript:S6353,Use concise character class syntax '\d' instead of '[0-9]'.,OPEN
AZ_Qr4sIs5KeDF11f9DH,frontend/src/app/(customer)/customer/support/page.tsx,39,MINOR,CODE_SMELL,typescript:S6571,'any' overrides all other types in this union type.,OPEN
AZ_Qr4sJs5KeDF11f9DQ,frontend/src/app/(customer)/customer/support/page.tsx,249,MAJOR,CODE_SMELL,typescript:S9011,"Add an explicit ""type"" attribute to this button.",OPEN
AZ_Qr4sJs5KeDF11f9DR,frontend/src/app/(customer)/customer/support/page.tsx,263,MAJOR,CODE_SMELL,typescript:S9011,"Add an explicit ""type"" attribute to this button.",OPEN
AZ_Qr4sJs5KeDF11f9DS,frontend/src/app/(customer)/customer/support/page.tsx,266,MAJOR,CODE_SMELL,typescript:S6853,A form label must be associated with a control.,OPEN
AZ_Qr4sJs5KeDF11f9DT,frontend/src/app/(customer)/customer/support/page.tsx,267,MAJOR,CODE_SMELL,typescript:S6853,A form label must be associated with a control.,OPEN
AZ_Qr45qs5KeDF11f9KL,frontend/src/app/(customs)/customs/page.tsx,29,MINOR,CODE_SMELL,typescript:S6571,'any' overrides all other types in this union type.,OPEN
AZ_Qr45qs5KeDF11f9KM,frontend/src/app/(customs)/customs/page.tsx,128,MAJOR,CODE_SMELL,typescript:S9011,"Add an explicit ""type"" attribute to this button.",OPEN
AZ_Qr45qs5KeDF11f9KN,frontend/src/app/(customs)/customs/page.tsx,165,MAJOR,CODE_SMELL,typescript:S9011,"Add an explicit ""type"" attribute to this button.",OPEN
AZ_Qr45qs5KeDF11f9KO,frontend/src/app/(customs)/customs/page.tsx,169,MAJOR,CODE_SMELL,typescript:S6853,A form label must be associated with a control.,OPEN
AZ_Qr45qs5KeDF11f9KP,frontend/src/app/(customs)/customs/page.tsx,178,MAJOR,CODE_SMELL,typescript:S6853,A form label must be associated with a control.,OPEN
AZ_Qr4vos5KeDF11f9Eu,frontend/src/app/(driver)/driver/routes/page.tsx,22,MINOR,CODE_SMELL,typescript:S6571,'any' overrides all other types in this union type.,OPEN
AZ_Qr4vps5KeDF11f9Ev,frontend/src/app/(driver)/driver/routes/page.tsx,107,MAJOR,CODE_SMELL,typescript:S3358,Extract this nested ternary operation into an independent statement.,OPEN
AZ_Qr4vps5KeDF11f9Ex,frontend/src/app/(driver)/driver/routes/page.tsx,135,MAJOR,CODE_SMELL,typescript:S9011,"Add an explicit ""type"" attribute to this button.",OPEN
AZ_Qr4vps5KeDF11f9Ey,frontend/src/app/(driver)/driver/routes/page.tsx,167,MAJOR,CODE_SMELL,typescript:S9011,"Add an explicit ""type"" attribute to this button.",OPEN
AZ_Qr4vps5KeDF11f9Ez,frontend/src/app/(driver)/driver/routes/page.tsx,171,MAJOR,CODE_SMELL,typescript:S6853,A form label must be associated with a control.,OPEN
AZ_Qr4vps5KeDF11f9E0,frontend/src/app/(driver)/driver/routes/page.tsx,176,MAJOR,CODE_SMELL,typescript:S6853,A form label must be associated with a control.,OPEN
AZ_Qr4vps5KeDF11f9E1,frontend/src/app/(driver)/driver/routes/page.tsx,177,MAJOR,CODE_SMELL,typescript:S6853,A form label must be associated with a control.,OPEN
AZ_Qr4vys5KeDF11f9E3,frontend/src/app/(driver)/driver/tasks/page.tsx,136,MAJOR,CODE_SMELL,typescript:S9011,"Add an explicit ""type"" attribute to this button.",OPEN
AZ_Qr4vys5KeDF11f9E4,frontend/src/app/(driver)/driver/tasks/page.tsx,149,MAJOR,CODE_SMELL,typescript:S9011,"Add an explicit ""type"" attribute to this button.",OPEN
AZ_Qr4vys5KeDF11f9E5,frontend/src/app/(driver)/driver/tasks/page.tsx,153,MAJOR,CODE_SMELL,typescript:S6853,A form label must be associated with a control.,OPEN
AZ_Qr4vys5KeDF11f9E6,frontend/src/app/(driver)/driver/tasks/page.tsx,157,MAJOR,CODE_SMELL,typescript:S6853,A form label must be associated with a control.,OPEN
AZ_Qr4vys5KeDF11f9E7,frontend/src/app/(driver)/driver/tasks/page.tsx,163,MAJOR,CODE_SMELL,typescript:S6853,A form label must be associated with a control.,OPEN
AZ_Qr41Fs5KeDF11f9G5,frontend/src/app/(finance)/finance/invoices/page.tsx,246,MAJOR,CODE_SMELL,typescript:S9011,"Add an explicit ""type"" attribute to this button.",OPEN
AZ_Qr41Fs5KeDF11f9G7,frontend/src/app/(finance)/finance/invoices/page.tsx,280,MAJOR,CODE_SMELL,typescript:S9011,"Add an explicit ""type"" attribute to this button.",OPEN
AZ_Qr41Fs5KeDF11f9G8,frontend/src/app/(finance)/finance/invoices/page.tsx,283,MAJOR,CODE_SMELL,typescript:S6853,A form label must be associated with a control.,OPEN
AZ_Qr41Fs5KeDF11f9G9,frontend/src/app/(finance)/finance/invoices/page.tsx,288,MAJOR,CODE_SMELL,typescript:S6853,A form label must be associated with a control.,OPEN
AZ_Qr41Fs5KeDF11f9G-,frontend/src/app/(finance)/finance/invoices/page.tsx,289,MAJOR,CODE_SMELL,typescript:S6853,A form label must be associated with a control.,OPEN
AZ_Qr44Fs5KeDF11f9Jk,frontend/src/app/(logistics)/logistics/containers/page.tsx,22,MINOR,CODE_SMELL,typescript:S6571,'any' overrides all other types in this union type.,OPEN
AZ_Qr44Fs5KeDF11f9Jr,frontend/src/app/(logistics)/logistics/containers/page.tsx,150,MAJOR,CODE_SMELL,typescript:S9011,"Add an explicit ""type"" attribute to this button.",OPEN
AZ_Qr44Fs5KeDF11f9Js,frontend/src/app/(logistics)/logistics/containers/page.tsx,151,MAJOR,CODE_SMELL,typescript:S9011,"Add an explicit ""type"" attribute to this button.",OPEN
AZ_Qr44Fs5KeDF11f9Jt,frontend/src/app/(logistics)/logistics/containers/page.tsx,166,MAJOR,CODE_SMELL,typescript:S9011,"Add an explicit ""type"" attribute to this button.",OPEN
AZ_Qr44Fs5KeDF11f9Ju,frontend/src/app/(logistics)/logistics/containers/page.tsx,169,MAJOR,CODE_SMELL,typescript:S6853,A form label must be associated with a control.,OPEN
AZ_Qr44Fs5KeDF11f9Jv,frontend/src/app/(logistics)/logistics/containers/page.tsx,174,MAJOR,CODE_SMELL,typescript:S6853,A form label must be associated with a control.,OPEN
AZ_Qr44Fs5KeDF11f9Jw,frontend/src/app/(logistics)/logistics/containers/page.tsx,175,MAJOR,CODE_SMELL,typescript:S6853,A form label must be associated with a control.,OPEN
AZ_Qr44Fs5KeDF11f9Jx,frontend/src/app/(logistics)/logistics/containers/page.tsx,176,MAJOR,CODE_SMELL,typescript:S6853,A form label must be associated with a control.,OPEN
AZ_Qr43ns5KeDF11f9Iz,frontend/src/app/(logistics)/logistics/deliveries/page.tsx,33,MINOR,CODE_SMELL,typescript:S6571,'any' overrides all other types in this union type.,OPEN
AZ_Qr43ns5KeDF11f9I0,frontend/src/app/(logistics)/logistics/deliveries/page.tsx,46,MINOR,CODE_SMELL,typescript:S7773,Prefer `Number.parseInt` over `parseInt`.,OPEN
AZ_Qr43ns5KeDF11f9I_,frontend/src/app/(logistics)/logistics/deliveries/page.tsx,202,MAJOR,CODE_SMELL,typescript:S9011,"Add an explicit ""type"" attribute to this button.",OPEN
AZ_Qr43ns5KeDF11f9JA,frontend/src/app/(logistics)/logistics/deliveries/page.tsx,203,MAJOR,CODE_SMELL,typescript:S9011,"Add an explicit ""type"" attribute to this button.",OPEN
AZ_Qr43ns5KeDF11f9JB,frontend/src/app/(logistics)/logistics/deliveries/page.tsx,223,MAJOR,CODE_SMELL,typescript:S9011,"Add an explicit ""type"" attribute to this button.",OPEN
AZ_Qr43ns5KeDF11f9JC,frontend/src/app/(logistics)/logistics/deliveries/page.tsx,226,MAJOR,CODE_SMELL,typescript:S6853,A form label must be associated with a control.,OPEN
AZ_Qr43ns5KeDF11f9JD,frontend/src/app/(logistics)/logistics/deliveries/page.tsx,227,MAJOR,CODE_SMELL,typescript:S6853,A form label must be associated with a control.,OPEN
AZ_Qr43ns5KeDF11f9JE,frontend/src/app/(logistics)/logistics/deliveries/page.tsx,228,MAJOR,CODE_SMELL,typescript:S6853,A form label must be associated with a control.,OPEN
AZ_Qr43ns5KeDF11f9JF,frontend/src/app/(logistics)/logistics/deliveries/page.tsx,229,MAJOR,CODE_SMELL,typescript:S6853,A form label must be associated with a control.,OPEN
AZ_Qr43ds5KeDF11f9Ih,frontend/src/app/(logistics)/logistics/routes/page.tsx,4,MINOR,CODE_SMELL,typescript:S1128,Remove this unused import of 'Route'.,OPEN
AZ_Qr43ds5KeDF11f9Ii,frontend/src/app/(logistics)/logistics/routes/page.tsx,24,MINOR,CODE_SMELL,typescript:S6571,'any' overrides all other types in this union type.,OPEN
AZ_Qr43ds5KeDF11f9Ir,frontend/src/app/(logistics)/logistics/routes/page.tsx,171,MAJOR,CODE_SMELL,typescript:S9011,"Add an explicit ""type"" attribute to this button.",OPEN
AZ_Qr43ds5KeDF11f9Is,frontend/src/app/(logistics)/logistics/routes/page.tsx,174,MAJOR,CODE_SMELL,typescript:S9011,"Add an explicit ""type"" attribute to this button.",OPEN
AZ_Qr43ds5KeDF11f9It,frontend/src/app/(logistics)/logistics/routes/page.tsx,188,MAJOR,CODE_SMELL,typescript:S9011,"Add an explicit ""type"" attribute to this button.",OPEN
AZ_Qr43ds5KeDF11f9Iu,frontend/src/app/(logistics)/logistics/routes/page.tsx,192,MAJOR,CODE_SMELL,typescript:S6853,A form label must be associated with a control.,OPEN
AZ_Qr43ds5KeDF11f9Iv,frontend/src/app/(logistics)/logistics/routes/page.tsx,193,MAJOR,CODE_SMELL,typescript:S6853,A form label must be associated with a control.,OPEN
AZ_Qr43ds5KeDF11f9Iw,frontend/src/app/(logistics)/logistics/routes/page.tsx,194,MAJOR,CODE_SMELL,typescript:S6853,A form label must be associated with a control.,OPEN
AZ_Qr43ds5KeDF11f9Ix,frontend/src/app/(logistics)/logistics/routes/page.tsx,195,MAJOR,CODE_SMELL,typescript:S6853,A form label must be associated with a control.,OPEN
AZ_Qr43ds5KeDF11f9Iy,frontend/src/app/(logistics)/logistics/routes/page.tsx,196,MAJOR,CODE_SMELL,typescript:S6853,A form label must be associated with a control.,OPEN
AZ_Qr43ys5KeDF11f9JG,frontend/src/app/(logistics)/logistics/shipments/page.tsx,4,MINOR,CODE_SMELL,typescript:S1128,Remove this unused import of 'Package'.,OPEN
AZ_Qr43ys5KeDF11f9JH,frontend/src/app/(logistics)/logistics/shipments/page.tsx,25,MINOR,CODE_SMELL,typescript:S6571,'any' overrides all other types in this union type.,OPEN
AZ_Qr43ys5KeDF11f9JP,frontend/src/app/(logistics)/logistics/shipments/page.tsx,170,MAJOR,CODE_SMELL,typescript:S9011,"Add an explicit ""type"" attribute to this button.",OPEN
AZ_Qr43ys5KeDF11f9JQ,frontend/src/app/(logistics)/logistics/shipments/page.tsx,173,MAJOR,CODE_SMELL,typescript:S9011,"Add an explicit ""type"" attribute to this button.",OPEN
AZ_Qr43ys5KeDF11f9JR,frontend/src/app/(logistics)/logistics/shipments/page.tsx,193,MAJOR,CODE_SMELL,typescript:S9011,"Add an explicit ""type"" attribute to this button.",OPEN
AZ_Qr43ys5KeDF11f9JS,frontend/src/app/(logistics)/logistics/shipments/page.tsx,197,MAJOR,CODE_SMELL,typescript:S6853,A form label must be associated with a control.,OPEN
AZ_Qr43ys5KeDF11f9JT,frontend/src/app/(logistics)/logistics/shipments/page.tsx,198,MAJOR,CODE_SMELL,typescript:S6853,A form label must be associated with a control.,OPEN
AZ_Qr43ys5KeDF11f9JU,frontend/src/app/(logistics)/logistics/shipments/page.tsx,199,MAJOR,CODE_SMELL,typescript:S6853,A form label must be associated with a control.,OPEN
AZ_Qr43ys5KeDF11f9JV,frontend/src/app/(logistics)/logistics/shipments/page.tsx,200,MAJOR,CODE_SMELL,typescript:S6853,A form label must be associated with a control.,OPEN
AZ_Qr43ys5KeDF11f9JW,frontend/src/app/(logistics)/logistics/shipments/page.tsx,201,MAJOR,CODE_SMELL,typescript:S6853,A form label must be associated with a control.,OPEN
AZ_Qr43ys5KeDF11f9JX,frontend/src/app/(logistics)/logistics/shipments/page.tsx,202,MAJOR,CODE_SMELL,typescript:S6853,A form label must be associated with a control.,OPEN
AZ_Qr43ys5KeDF11f9JY,frontend/src/app/(logistics)/logistics/shipments/page.tsx,203,MAJOR,CODE_SMELL,typescript:S6853,A form label must be associated with a control.,OPEN
AZ_Qr438s5KeDF11f9JZ,frontend/src/app/(logistics)/logistics/team/page.tsx,47,MINOR,CODE_SMELL,typescript:S6571,'any' overrides all other types in this union type.,OPEN
AZ_Qr438s5KeDF11f9Jd,frontend/src/app/(logistics)/logistics/team/page.tsx,156,MAJOR,CODE_SMELL,typescript:S9011,"Add an explicit ""type"" attribute to this button.",OPEN
AZ_Qr438s5KeDF11f9Je,frontend/src/app/(logistics)/logistics/team/page.tsx,168,MAJOR,CODE_SMELL,typescript:S9011,"Add an explicit ""type"" attribute to this button.",OPEN
AZ_Qr438s5KeDF11f9Jf,frontend/src/app/(logistics)/logistics/team/page.tsx,171,MAJOR,CODE_SMELL,typescript:S6853,A form label must be associated with a control.,OPEN
AZ_Qr438s5KeDF11f9Jg,frontend/src/app/(logistics)/logistics/team/page.tsx,171,MINOR,CODE_SMELL,typescript:S6353,Use concise character class syntax '\d' instead of '[0-9]'.,OPEN
AZ_Qr438s5KeDF11f9Jh,frontend/src/app/(logistics)/logistics/team/page.tsx,172,MAJOR,CODE_SMELL,typescript:S6853,A form label must be associated with a control.,OPEN
AZ_Qr438s5KeDF11f9Ji,frontend/src/app/(logistics)/logistics/team/page.tsx,173,MAJOR,CODE_SMELL,typescript:S6853,A form label must be associated with a control.,OPEN
AZ_Qr438s5KeDF11f9Jj,frontend/src/app/(logistics)/logistics/team/page.tsx,174,MAJOR,CODE_SMELL,typescript:S6853,A form label must be associated with a control.,OPEN
AZ_Qr4vDs5KeDF11f9EW,frontend/src/app/(protected)/profile/page.tsx,107,MINOR,CODE_SMELL,typescript:S6353,Use concise character class syntax '\d' instead of '[0-9]'.,OPEN
AZ_Qr4yps5KeDF11f9Fw,frontend/src/app/(public)/Home.tsx,8,MINOR,CODE_SMELL,typescript:S1128,Remove this unused import of 'BarChart2'.,OPEN
AZ_Qr4yps5KeDF11f9Fx,frontend/src/app/(public)/Home.tsx,8,MINOR,CODE_SMELL,typescript:S1128,Remove this unused import of 'Headset'.,OPEN
AZ_Qr4zFs5KeDF11f9F_,frontend/src/app/(public)/industries/brochure/page.tsx,130,MAJOR,CODE_SMELL,typescript:S9011,"Add an explicit ""type"" attribute to this button.",OPEN
AZ_Qr4zZs5KeDF11f9GD,frontend/src/app/(public)/industries/page.tsx,4,MINOR,CODE_SMELL,typescript:S1128,Remove this unused import of 'CheckCircle2'.,OPEN
AZ_Qr4zZs5KeDF11f9GH,frontend/src/app/(public)/industries/page.tsx,264,MAJOR,CODE_SMELL,typescript:S9011,"Add an explicit ""type"" attribute to this button.",OPEN
AZ_Qr4xNs5KeDF11f9FR,frontend/src/app/(public)/services/consulting/page.tsx,229,MAJOR,CODE_SMELL,typescript:S9011,"Add an explicit ""type"" attribute to this button.",OPEN
AZ_Qr4xNs5KeDF11f9FS,frontend/src/app/(public)/services/consulting/page.tsx,234,MAJOR,CODE_SMELL,typescript:S9011,"Add an explicit ""type"" attribute to this button.",OPEN
AZ_Qr4xhs5KeDF11f9FV,frontend/src/app/(public)/services/customs-clearance/page.tsx,239,MAJOR,CODE_SMELL,typescript:S9011,"Add an explicit ""type"" attribute to this button.",OPEN
AZ_Qr4xhs5KeDF11f9FW,frontend/src/app/(public)/services/customs-clearance/page.tsx,244,MAJOR,CODE_SMELL,typescript:S9011,"Add an explicit ""type"" attribute to this button.",OPEN
AZ_Qr4xDs5KeDF11f9FO,frontend/src/app/(public)/services/road-transport/page.tsx,134,MAJOR,CODE_SMELL,typescript:S6479,Do not use Array index in keys,OPEN
AZ_Qr4xDs5KeDF11f9FP,frontend/src/app/(public)/services/road-transport/page.tsx,248,MAJOR,CODE_SMELL,typescript:S9011,"Add an explicit ""type"" attribute to this button.",OPEN
AZ_Qr4xDs5KeDF11f9FQ,frontend/src/app/(public)/services/road-transport/page.tsx,253,MAJOR,CODE_SMELL,typescript:S9011,"Add an explicit ""type"" attribute to this button.",OPEN
AZ_Qr442s5KeDF11f9J3,frontend/src/app/(support)/support/team/page.tsx,5,MINOR,CODE_SMELL,typescript:S1128,Remove this unused import of 'MessageSquare'.,OPEN
AZ_Qr442s5KeDF11f9J4,frontend/src/app/(support)/support/team/page.tsx,41,MINOR,CODE_SMELL,typescript:S6571,'any' overrides all other types in this union type.,OPEN
AZ_Qr442s5KeDF11f9J9,frontend/src/app/(support)/support/team/page.tsx,162,MAJOR,CODE_SMELL,typescript:S9011,"Add an explicit ""type"" attribute to this button.",OPEN
AZ_Qr442s5KeDF11f9J-,frontend/src/app/(support)/support/team/page.tsx,174,MAJOR,CODE_SMELL,typescript:S9011,"Add an explicit ""type"" attribute to this button.",OPEN
AZ_Qr442s5KeDF11f9J_,frontend/src/app/(support)/support/team/page.tsx,177,MAJOR,CODE_SMELL,typescript:S6853,A form label must be associated with a control.,OPEN
AZ_Qr442s5KeDF11f9KA,frontend/src/app/(support)/support/team/page.tsx,177,MINOR,CODE_SMELL,typescript:S6353,Use concise character class syntax '\d' instead of '[0-9]'.,OPEN
AZ_Qr442s5KeDF11f9KB,frontend/src/app/(support)/support/team/page.tsx,178,MAJOR,CODE_SMELL,typescript:S6853,A form label must be associated with a control.,OPEN
AZ_Qr442s5KeDF11f9KC,frontend/src/app/(support)/support/team/page.tsx,179,MAJOR,CODE_SMELL,typescript:S6853,A form label must be associated with a control.,OPEN
AZ_Qr442s5KeDF11f9KD,frontend/src/app/(support)/support/team/page.tsx,180,MAJOR,CODE_SMELL,typescript:S6853,A form label must be associated with a control.,OPEN
AZ_Qr442s5KeDF11f9KE,frontend/src/app/(support)/support/team/page.tsx,181,MAJOR,CODE_SMELL,typescript:S6853,A form label must be associated with a control.,OPEN
AZ_Qr42_s5KeDF11f9IR,frontend/src/app/(warehouse)/warehouse/inventory/page.tsx,4,MINOR,CODE_SMELL,typescript:S1128,Remove this unused import of 'Plus'.,OPEN
AZ_Qr42_s5KeDF11f9IT,frontend/src/app/(warehouse)/warehouse/inventory/page.tsx,170,MAJOR,CODE_SMELL,typescript:S9011,"Add an explicit ""type"" attribute to this button.",OPEN
AZ_Qr42_s5KeDF11f9IU,frontend/src/app/(warehouse)/warehouse/inventory/page.tsx,190,MAJOR,CODE_SMELL,typescript:S9011,"Add an explicit ""type"" attribute to this button.",OPEN
AZ_Qr42_s5KeDF11f9IV,frontend/src/app/(warehouse)/warehouse/inventory/page.tsx,194,MAJOR,CODE_SMELL,typescript:S6853,A form label must be associated with a control.,OPEN
AZ_Qr42_s5KeDF11f9IW,frontend/src/app/(warehouse)/warehouse/inventory/page.tsx,194,MINOR,CODE_SMELL,typescript:S6353,Use concise character class syntax '\d' instead of '[0-9]'.,OPEN
AZ_Qr42_s5KeDF11f9IX,frontend/src/app/(warehouse)/warehouse/inventory/page.tsx,195,MAJOR,CODE_SMELL,typescript:S6853,A form label must be associated with a control.,OPEN
AZ_Qr42_s5KeDF11f9IY,frontend/src/app/(warehouse)/warehouse/inventory/page.tsx,196,MAJOR,CODE_SMELL,typescript:S6853,A form label must be associated with a control.,OPEN
AZ_Qr42_s5KeDF11f9IZ,frontend/src/app/(warehouse)/warehouse/inventory/page.tsx,197,MAJOR,CODE_SMELL,typescript:S6853,A form label must be associated with a control.,OPEN
AZ_Qr42_s5KeDF11f9Ia,frontend/src/app/(warehouse)/warehouse/inventory/page.tsx,198,MAJOR,CODE_SMELL,typescript:S6853,A form label must be associated with a control.,OPEN
AZ_Qr43Js5KeDF11f9Ib,frontend/src/app/(warehouse)/warehouse/tasks/page.tsx,132,MAJOR,CODE_SMELL,typescript:S9011,"Add an explicit ""type"" attribute to this button.",OPEN
AZ_Qr43Js5KeDF11f9Ic,frontend/src/app/(warehouse)/warehouse/tasks/page.tsx,145,MAJOR,CODE_SMELL,typescript:S9011,"Add an explicit ""type"" attribute to this button.",OPEN
AZ_Qr43Js5KeDF11f9Id,frontend/src/app/(warehouse)/warehouse/tasks/page.tsx,148,MAJOR,CODE_SMELL,typescript:S6853,A form label must be associated with a control.,OPEN
AZ_Qr43Js5KeDF11f9Ie,frontend/src/app/(warehouse)/warehouse/tasks/page.tsx,149,MAJOR,CODE_SMELL,typescript:S6853,A form label must be associated with a control.,OPEN
AZ_Qr43Js5KeDF11f9If,frontend/src/app/(warehouse)/warehouse/tasks/page.tsx,154,MAJOR,CODE_SMELL,typescript:S6853,A form label must be associated with a control.,OPEN
AZ_Qr421s5KeDF11f9IC,frontend/src/app/(warehouse)/warehouse/team/page.tsx,5,MINOR,CODE_SMELL,typescript:S1128,Remove this unused import of 'Shield'.,OPEN
AZ_Qr421s5KeDF11f9ID,frontend/src/app/(warehouse)/warehouse/team/page.tsx,52,MINOR,CODE_SMELL,typescript:S6571,'any' overrides all other types in this union type.,OPEN
AZ_Qr421s5KeDF11f9II,frontend/src/app/(warehouse)/warehouse/team/page.tsx,177,MAJOR,CODE_SMELL,typescript:S9011,"Add an explicit ""type"" attribute to this button.",OPEN
AZ_Qr421s5KeDF11f9IJ,frontend/src/app/(warehouse)/warehouse/team/page.tsx,189,MAJOR,CODE_SMELL,typescript:S9011,"Add an explicit ""type"" attribute to this button.",OPEN
AZ_Qr421s5KeDF11f9IK,frontend/src/app/(warehouse)/warehouse/team/page.tsx,193,MAJOR,CODE_SMELL,typescript:S6853,A form label must be associated with a control.,OPEN
AZ_Qr421s5KeDF11f9IL,frontend/src/app/(warehouse)/warehouse/team/page.tsx,193,MINOR,CODE_SMELL,typescript:S6353,Use concise character class syntax '\d' instead of '[0-9]'.,OPEN
AZ_Qr421s5KeDF11f9IM,frontend/src/app/(warehouse)/warehouse/team/page.tsx,194,MAJOR,CODE_SMELL,typescript:S6853,A form label must be associated with a control.,OPEN
AZ_Qr421s5KeDF11f9IN,frontend/src/app/(warehouse)/warehouse/team/page.tsx,195,MAJOR,CODE_SMELL,typescript:S6853,A form label must be associated with a control.,OPEN
AZ_Qr421s5KeDF11f9IO,frontend/src/app/(warehouse)/warehouse/team/page.tsx,196,MAJOR,CODE_SMELL,typescript:S6853,A form label must be associated with a control.,OPEN
AZ_Qr421s5KeDF11f9IP,frontend/src/app/(warehouse)/warehouse/team/page.tsx,197,MAJOR,CODE_SMELL,typescript:S6853,A form label must be associated with a control.,OPEN
AZ_Qr421s5KeDF11f9IQ,frontend/src/app/(warehouse)/warehouse/team/page.tsx,198,MAJOR,CODE_SMELL,typescript:S6853,A form label must be associated with a control.,OPEN
AZ_Qr4qzs5KeDF11f9CG,frontend/src/components/dashboards/DriverDashboard.tsx,26,CRITICAL,CODE_SMELL,typescript:S3776,Refactor this function to reduce its Cognitive Complexity from 16 to the 15 allowed.,OPEN
AZ_Qr4q-s5KeDF11f9CT,frontend/src/components/dashboards/FinanceDashboard.tsx,247,MAJOR,CODE_SMELL,typescript:S9011,"Add an explicit ""type"" attribute to this button.",OPEN
AZ_Qr4q-s5KeDF11f9CU,frontend/src/components/dashboards/FinanceDashboard.tsx,288,MAJOR,CODE_SMELL,typescript:S9011,"Add an explicit ""type"" attribute to this button.",OPEN
AZ_Qr4q-s5KeDF11f9CV,frontend/src/components/dashboards/FinanceDashboard.tsx,292,MAJOR,CODE_SMELL,typescript:S6853,A form label must be associated with a control.,OPEN
AZ_Qr4q-s5KeDF11f9CW,frontend/src/components/dashboards/FinanceDashboard.tsx,298,MAJOR,CODE_SMELL,typescript:S6853,A form label must be associated with a control.,OPEN
AZ_Qr4rKs5KeDF11f9CZ,frontend/src/components/dashboards/WarehouseDashboard.tsx,237,MAJOR,CODE_SMELL,typescript:S9011,"Add an explicit ""type"" attribute to this button.",OPEN
AZ_Qr4rKs5KeDF11f9Cb,frontend/src/components/dashboards/WarehouseDashboard.tsx,273,MAJOR,CODE_SMELL,typescript:S9011,"Add an explicit ""type"" attribute to this button.",OPEN
AZ_Qr4rKs5KeDF11f9Cc,frontend/src/components/dashboards/WarehouseDashboard.tsx,276,MAJOR,CODE_SMELL,typescript:S6853,A form label must be associated with a control.,OPEN
AZ_Qr4rKs5KeDF11f9Cd,frontend/src/components/dashboards/WarehouseDashboard.tsx,277,MAJOR,CODE_SMELL,typescript:S6853,A form label must be associated with a control.,OPEN
AZ_Qr4rKs5KeDF11f9Ce,frontend/src/components/dashboards/WarehouseDashboard.tsx,282,MAJOR,CODE_SMELL,typescript:S6853,A form label must be associated with a control.,OPEN
AZ_Qr4oqs5KeDF11f9BE,frontend/src/components/shared/ContactForm.tsx,57,MINOR,CODE_SMELL,typescript:S6353,Use concise character class syntax '\d' instead of '[0-9]'.,OPEN
AZ_Qr4o-s5KeDF11f9BH,frontend/src/components/shared/GlobeAnimation.tsx,127,MAJOR,VULNERABILITY,typescript:S2245,Make sure that using this pseudorandom number generator is safe here.,OPEN
AZ_Qr4o-s5KeDF11f9BI,frontend/src/components/shared/GlobeAnimation.tsx,128,MAJOR,VULNERABILITY,typescript:S2245,Make sure that using this pseudorandom number generator is safe here.,OPEN
AZ_Qr4o-s5KeDF11f9BJ,frontend/src/components/shared/GlobeAnimation.tsx,129,MAJOR,VULNERABILITY,typescript:S2245,Make sure that using this pseudorandom number generator is safe here.,OPEN
AZ_Qr4o-s5KeDF11f9BK,frontend/src/components/shared/GlobeAnimation.tsx,130,MAJOR,VULNERABILITY,typescript:S2245,Make sure that using this pseudorandom number generator is safe here.,OPEN
AZ_Qr4o-s5KeDF11f9BL,frontend/src/components/shared/GlobeAnimation.tsx,133,CRITICAL,CODE_SMELL,typescript:S3776,Refactor this function to reduce its Cognitive Complexity from 39 to the 15 allowed.,OPEN
AZ_Qr4pHs5KeDF11f9BM,frontend/src/components/shared/JobApplicationModal.tsx,44,MINOR,CODE_SMELL,typescript:S6759,Mark the props of the component as read-only.,OPEN
AZ_Qr4pHs5KeDF11f9BN,frontend/src/components/shared/JobApplicationModal.tsx,175,MAJOR,CODE_SMELL,typescript:S9011,"Add an explicit ""type"" attribute to this button.",OPEN
AZ_Qr4pHs5KeDF11f9BO,frontend/src/components/shared/JobApplicationModal.tsx,197,MAJOR,CODE_SMELL,typescript:S9011,"Add an explicit ""type"" attribute to this button.",OPEN
AZ_Qr4qVs5KeDF11f9Bn,frontend/src/components/shared/PortalHeader.tsx,180,MAJOR,CODE_SMELL,typescript:S9011,"Add an explicit ""type"" attribute to this button.",OPEN
AZ_Qr4n9s5KeDF11f9Az,frontend/src/components/ui/PasswordField.tsx,14,MINOR,CODE_SMELL,typescript:S6759,Mark the props of the component as read-only.,OPEN
AZ_Qr4n9s5KeDF11f9A0,frontend/src/components/ui/PasswordField.tsx,57,MAJOR,CODE_SMELL,typescript:S3358,Extract this nested ternary operation into an independent statement.,OPEN
AZ_Qr4n9s5KeDF11f9A1,frontend/src/components/ui/PasswordField.tsx,81,MAJOR,CODE_SMELL,typescript:S3358,Extract this nested ternary operation into an independent statement.,OPEN
AZ_Qr45_s5KeDF11f9KS,frontend/src/lib/validation.ts,32,MAJOR,CODE_SMELL,typescript:S8786,"Simplify this regular expression to reduce its runtime, as it has super-linear performance due to backtracking.",OPEN
AZ_Qr45_s5KeDF11f9KT,frontend/src/lib/validation.ts,44,MINOR,CODE_SMELL,typescript:S6353,Use concise character class syntax '\d' instead of '[0-9]'.,OPEN
AZ_Qr4g9s5KeDF11f8_a,backend/app/api/admin.py,50,MAJOR,CODE_SMELL,python:S8415,"Document this HTTPException with status code 404 in the ""responses"" parameter.",OPEN
AZ_Qr4g9s5KeDF11f8_b,backend/app/api/admin.py,170,MAJOR,CODE_SMELL,python:S8415,"Document this HTTPException with status code 409 in the ""responses"" parameter.",OPEN
AZ_Qr4g9s5KeDF11f8_c,backend/app/api/admin.py,186,MAJOR,CODE_SMELL,python:S8415,"Document this HTTPException with status code 404 in the ""responses"" parameter.",OPEN
AZ_Qr4g9s5KeDF11f8_d,backend/app/api/admin.py,200,MAJOR,CODE_SMELL,python:S8415,"Document this HTTPException with status code 400 in the ""responses"" parameter.",OPEN
AZ_Qr4izs5KeDF11f9AN,backend/app/api/auth.py,54,CRITICAL,CODE_SMELL,python:S1192,"Define a constant instead of duplicating this literal ""Backend auth is not configured"" 3 times.",OPEN
AZ_Qr4izs5KeDF11f9AO,backend/app/api/auth.py,171,CRITICAL,CODE_SMELL,python:S5717,"Change this default value to ""None"" and initialize this parameter inside the function/method.",OPEN
AZ_Qr4hXs5KeDF11f8_e,backend/app/api/containers.py,62,MAJOR,CODE_SMELL,python:S8415,"Document this HTTPException with status code 404 in the ""responses"" parameter.",OPEN
AZ_Qr4hXs5KeDF11f8_f,backend/app/api/containers.py,76,MAJOR,CODE_SMELL,python:S8415,"Document this HTTPException with status code 404 in the ""responses"" parameter.",OPEN
AZ_Qr4i8s5KeDF11f9AR,backend/app/api/customers.py,30,MAJOR,CODE_SMELL,python:S8415,"Document this HTTPException with status code 404 in the ""responses"" parameter.",OPEN
AZ_Qr4i8s5KeDF11f9AP,backend/app/api/customers.py,60,MAJOR,CODE_SMELL,python:S8415,"Document this HTTPException with status code 409 in the ""responses"" parameter.",OPEN
AZ_Qr4i8s5KeDF11f9AQ,backend/app/api/customers.py,69,MAJOR,CODE_SMELL,python:S8415,"Document this HTTPException with status code 502 in the ""responses"" parameter.",OPEN
AZ_Qr4gXs5KeDF11f8_O,backend/app/api/customs.py,60,MAJOR,CODE_SMELL,python:S8415,"Document this HTTPException with status code 404 in the ""responses"" parameter.",OPEN
AZ_Qr4ghs5KeDF11f8_Q,backend/app/api/dispatch.py,93,MAJOR,CODE_SMELL,python:S8415,"Document this HTTPException with status code 404 in the ""responses"" parameter.",OPEN
AZ_Qr4ghs5KeDF11f8_R,backend/app/api/dispatch.py,96,MAJOR,CODE_SMELL,python:S8415,"Document this HTTPException with status code 404 in the ""responses"" parameter.",OPEN
AZ_Qr4bUs5KeDF11f8-u,backend/app/api/documents.py,32,MAJOR,CODE_SMELL,python:S8415,"Document this HTTPException with status code 404 in the ""responses"" parameter.",OPEN
AZ_Qr4bUs5KeDF11f8-v,backend/app/api/documents.py,99,MAJOR,CODE_SMELL,python:S8415,"Document this HTTPException with status code 404 in the ""responses"" parameter.",OPEN
AZ_Qr4iqs5KeDF11f9AL,backend/app/api/driver.py,41,MAJOR,CODE_SMELL,python:S8415,"Document this HTTPException with status code 404 in the ""responses"" parameter.",OPEN
AZ_Qr4iqs5KeDF11f9AK,backend/app/api/driver.py,50,CRITICAL,CODE_SMELL,python:S1192,"Define a constant instead of duplicating this literal ""In Transit"" 3 times.",OPEN
AZ_Qr4iqs5KeDF11f9AM,backend/app/api/driver.py,77,MAJOR,CODE_SMELL,python:S8415,"Document this HTTPException with status code 404 in the ""responses"" parameter.",OPEN
AZ_Qr4fxs5KeDF11f8-8,backend/app/api/drivers.py,29,MAJOR,CODE_SMELL,python:S8415,"Document this HTTPException with status code 404 in the ""responses"" parameter.",OPEN
AZ_Qr4fxs5KeDF11f8-6,backend/app/api/drivers.py,61,MAJOR,CODE_SMELL,python:S8415,"Document this HTTPException with status code 409 in the ""responses"" parameter.",OPEN
AZ_Qr4fxs5KeDF11f8-7,backend/app/api/drivers.py,67,MAJOR,CODE_SMELL,python:S8415,"Document this HTTPException with status code 502 in the ""responses"" parameter.",OPEN
AZ_Qr4gOs5KeDF11f8_I,backend/app/api/finance.py,52,CRITICAL,CODE_SMELL,python:S1192,"Define a constant instead of duplicating this literal ""Invoice not found"" 3 times.",OPEN
AZ_Qr4gOs5KeDF11f8_J,backend/app/api/finance.py,52,MAJOR,CODE_SMELL,python:S8415,"Document this HTTPException with status code 404 in the ""responses"" parameter.",OPEN
AZ_Qr4gOs5KeDF11f8_K,backend/app/api/finance.py,54,MAJOR,CODE_SMELL,python:S8415,"Document this HTTPException with status code 403 in the ""responses"" parameter.",OPEN
AZ_Qr4gOs5KeDF11f8_L,backend/app/api/finance.py,84,MAJOR,CODE_SMELL,python:S8415,"Document this HTTPException with status code 404 in the ""responses"" parameter.",OPEN
AZ_Qr4gOs5KeDF11f8_M,backend/app/api/finance.py,115,MAJOR,CODE_SMELL,python:S8415,"Document this HTTPException with status code 404 in the ""responses"" parameter.",OPEN
AZ_Qr4gOs5KeDF11f8_N,backend/app/api/finance.py,117,MAJOR,CODE_SMELL,python:S8415,"Document this HTTPException with status code 403 in the ""responses"" parameter.",OPEN
AZ_Qr4gFs5KeDF11f8_H,backend/app/api/insurance.py,69,MAJOR,CODE_SMELL,python:S8415,"Document this HTTPException with status code 404 in the ""responses"" parameter.",OPEN
AZ_Qr4gqs5KeDF11f8_S,backend/app/api/inventory.py,71,MAJOR,CODE_SMELL,python:S8415,"Document this HTTPException with status code 404 in the ""responses"" parameter.",OPEN
AZ_Qr4gqs5KeDF11f8_T,backend/app/api/inventory.py,85,MAJOR,CODE_SMELL,python:S8415,"Document this HTTPException with status code 404 in the ""responses"" parameter.",OPEN
AZ_Qr4fes5KeDF11f8-1,backend/app/api/invoices.py,77,MAJOR,CODE_SMELL,python:S8415,"Document this HTTPException with status code 403 in the ""responses"" parameter.",OPEN
AZ_Qr4fes5KeDF11f8-2,backend/app/api/invoices.py,93,MAJOR,CODE_SMELL,python:S8415,"Document this HTTPException with status code 404 in the ""responses"" parameter.",OPEN
AZ_Qr4fes5KeDF11f8-3,backend/app/api/invoices.py,95,MAJOR,CODE_SMELL,python:S8415,"Document this HTTPException with status code 403 in the ""responses"" parameter.",OPEN
AZ_Qr4fes5KeDF11f8-4,backend/app/api/invoices.py,109,MAJOR,CODE_SMELL,python:S8415,"Document this HTTPException with status code 404 in the ""responses"" parameter.",OPEN
AZ_Qr4fUs5KeDF11f8-x,backend/app/api/logistics.py,53,MAJOR,CODE_SMELL,python:S8415,"Document this HTTPException with status code 404 in the ""responses"" parameter.",OPEN
AZ_Qr4fUs5KeDF11f8-y,backend/app/api/logistics.py,81,MAJOR,CODE_SMELL,python:S8415,"Document this HTTPException with status code 404 in the ""responses"" parameter.",OPEN
AZ_Qr4fUs5KeDF11f8-z,backend/app/api/logistics.py,109,MAJOR,CODE_SMELL,python:S8415,"Document this HTTPException with status code 404 in the ""responses"" parameter.",OPEN
AZ_Qr4fUs5KeDF11f8-0,backend/app/api/logistics.py,144,MAJOR,CODE_SMELL,python:S8415,"Document this HTTPException with status code 404 in the ""responses"" parameter.",OPEN
AZ_Qr4iPs5KeDF11f8_2,backend/app/api/notifications.py,50,MAJOR,CODE_SMELL,python:S8415,"Document this HTTPException with status code 404 in the ""responses"" parameter.",OPEN
AZ_Qr4iPs5KeDF11f8_3,backend/app/api/notifications.py,82,MAJOR,CODE_SMELL,python:S8415,"Document this HTTPException with status code 404 in the ""responses"" parameter.",OPEN
AZ_Qr4hzs5KeDF11f8_p,backend/app/api/payments.py,51,MAJOR,CODE_SMELL,python:S8415,"Document this HTTPException with status code 404 in the ""responses"" parameter.",OPEN
AZ_Qr4hzs5KeDF11f8_q,backend/app/api/payments.py,86,MAJOR,CODE_SMELL,python:S8415,"Document this HTTPException with status code 404 in the ""responses"" parameter.",OPEN
AZ_Qr4hzs5KeDF11f8_r,backend/app/api/payments.py,107,MAJOR,CODE_SMELL,python:S8415,"Document this HTTPException with status code 403 in the ""responses"" parameter.",OPEN
AZ_Qr4hzs5KeDF11f8_s,backend/app/api/payments.py,123,MAJOR,CODE_SMELL,python:S8415,"Document this HTTPException with status code 404 in the ""responses"" parameter.",OPEN
AZ_Qr4iFs5KeDF11f8_v,backend/app/api/quotes.py,162,CRITICAL,CODE_SMELL,python:S1192,"Define a constant instead of duplicating this literal ""Quote not found"" 4 times.",OPEN
AZ_Qr4iFs5KeDF11f8_w,backend/app/api/quotes.py,162,MAJOR,CODE_SMELL,python:S8415,"Document this HTTPException with status code 404 in the ""responses"" parameter.",OPEN
AZ_Qr4iFs5KeDF11f8_x,backend/app/api/quotes.py,177,MAJOR,CODE_SMELL,python:S8415,"Document this HTTPException with status code 404 in the ""responses"" parameter.",OPEN
AZ_Qr4iFs5KeDF11f8_y,backend/app/api/quotes.py,184,MAJOR,CODE_SMELL,python:S8415,"Document this HTTPException with status code 403 in the ""responses"" parameter.",OPEN
AZ_Qr4iFs5KeDF11f8_z,backend/app/api/quotes.py,186,MAJOR,CODE_SMELL,python:S8415,"Document this HTTPException with status code 403 in the ""responses"" parameter.",OPEN
AZ_Qr4iFs5KeDF11f8_0,backend/app/api/quotes.py,200,MAJOR,CODE_SMELL,python:S8415,"Document this HTTPException with status code 404 in the ""responses"" parameter.",OPEN
AZ_Qr4iFs5KeDF11f8_1,backend/app/api/quotes.py,216,MAJOR,CODE_SMELL,python:S8415,"Document this HTTPException with status code 404 in the ""responses"" parameter.",OPEN
AZ_Qr4fns5KeDF11f8-5,backend/app/api/reports.py,98,MAJOR,CODE_SMELL,python:S8415,"Document this HTTPException with status code 404 in the ""responses"" parameter.",OPEN
AZ_Qr4igs5KeDF11f8_-,backend/app/api/shipments.py,89,CRITICAL,CODE_SMELL,python:S1192,"Define a constant instead of duplicating this literal ""Shipment not found"" 8 times.",OPEN
AZ_Qr4igs5KeDF11f8__,backend/app/api/shipments.py,89,MAJOR,CODE_SMELL,python:S8415,"Document this HTTPException with status code 404 in the ""responses"" parameter.",OPEN
AZ_Qr4igs5KeDF11f9AA,backend/app/api/shipments.py,104,MAJOR,CODE_SMELL,python:S8415,"Document this HTTPException with status code 404 in the ""responses"" parameter.",OPEN
AZ_Qr4igs5KeDF11f9AB,backend/app/api/shipments.py,131,MAJOR,CODE_SMELL,python:S8415,"Document this HTTPException with status code 404 in the ""responses"" parameter.",OPEN
AZ_Qr4igs5KeDF11f9AC,backend/app/api/shipments.py,166,MAJOR,CODE_SMELL,python:S8415,"Document this HTTPException with status code 404 in the ""responses"" parameter.",OPEN
AZ_Qr4igs5KeDF11f9AD,backend/app/api/shipments.py,190,MAJOR,CODE_SMELL,python:S8415,"Document this HTTPException with status code 404 in the ""responses"" parameter.",OPEN
AZ_Qr4igs5KeDF11f9AE,backend/app/api/shipments.py,194,MAJOR,CODE_SMELL,python:S8415,"Document this HTTPException with status code 400 in the ""responses"" parameter.",OPEN
AZ_Qr4igs5KeDF11f9AF,backend/app/api/shipments.py,196,MAJOR,CODE_SMELL,python:S8415,"Document this HTTPException with status code 400 in the ""responses"" parameter.",OPEN
AZ_Qr4igs5KeDF11f9AG,backend/app/api/shipments.py,218,MAJOR,CODE_SMELL,python:S8415,"Document this HTTPException with status code 404 in the ""responses"" parameter.",OPEN
AZ_Qr4igs5KeDF11f9AH,backend/app/api/shipments.py,236,MAJOR,CODE_SMELL,python:S8415,"Document this HTTPException with status code 404 in the ""responses"" parameter.",OPEN
AZ_Qr4igs5KeDF11f9AJ,backend/app/api/shipments.py,257,MAJOR,CODE_SMELL,python:S8415,"Document this HTTPException with status code 404 in the ""responses"" parameter.",OPEN
AZ_Qr4iXs5KeDF11f8_4,backend/app/api/support.py,63,CRITICAL,CODE_SMELL,python:S1192,"Define a constant instead of duplicating this literal ""Ticket not found"" 3 times.",OPEN
AZ_Qr4iXs5KeDF11f8_5,backend/app/api/support.py,63,MAJOR,CODE_SMELL,python:S8415,"Document this HTTPException with status code 404 in the ""responses"" parameter.",OPEN
AZ_Qr4iXs5KeDF11f8_6,backend/app/api/support.py,65,MAJOR,CODE_SMELL,python:S8415,"Document this HTTPException with status code 403 in the ""responses"" parameter.",OPEN
AZ_Qr4iXs5KeDF11f8_7,backend/app/api/support.py,83,MAJOR,CODE_SMELL,python:S8415,"Document this HTTPException with status code 404 in the ""responses"" parameter.",OPEN
AZ_Qr4iXs5KeDF11f8_8,backend/app/api/support.py,85,MAJOR,CODE_SMELL,python:S8415,"Document this HTTPException with status code 403 in the ""responses"" parameter.",OPEN
AZ_Qr4iXs5KeDF11f8_9,backend/app/api/support.py,104,MAJOR,CODE_SMELL,python:S8415,"Document this HTTPException with status code 404 in the ""responses"" parameter.",OPEN
AZ_Qr4g0s5KeDF11f8_U,backend/app/api/tasks.py,68,CRITICAL,CODE_SMELL,python:S1192,"Define a constant instead of duplicating this literal ""Task not found"" 3 times.",OPEN
AZ_Qr4g0s5KeDF11f8_V,backend/app/api/tasks.py,68,MAJOR,CODE_SMELL,python:S8415,"Document this HTTPException with status code 404 in the ""responses"" parameter.",OPEN
AZ_Qr4g0s5KeDF11f8_W,backend/app/api/tasks.py,70,MAJOR,CODE_SMELL,python:S8415,"Document this HTTPException with status code 403 in the ""responses"" parameter.",OPEN
AZ_Qr4g0s5KeDF11f8_X,backend/app/api/tasks.py,84,MAJOR,CODE_SMELL,python:S8415,"Document this HTTPException with status code 404 in the ""responses"" parameter.",OPEN
AZ_Qr4g0s5KeDF11f8_Y,backend/app/api/tasks.py,101,MAJOR,CODE_SMELL,python:S8415,"Document this HTTPException with status code 404 in the ""responses"" parameter.",OPEN
AZ_Qr4g0s5KeDF11f8_Z,backend/app/api/tasks.py,104,MAJOR,CODE_SMELL,python:S8415,"Document this HTTPException with status code 403 in the ""responses"" parameter.",OPEN
AZ_Qr4hgs5KeDF11f8_h,backend/app/api/tracking.py,45,MAJOR,CODE_SMELL,python:S8415,"Document this HTTPException with status code 404 in the ""responses"" parameter.",OPEN
AZ_Qr4hgs5KeDF11f8_i,backend/app/api/tracking.py,73,MAJOR,CODE_SMELL,python:S8415,"Document this HTTPException with status code 404 in the ""responses"" parameter.",OPEN
AZ_Qr4hgs5KeDF11f8_j,backend/app/api/tracking.py,75,MAJOR,CODE_SMELL,python:S8415,"Document this HTTPException with status code 403 in the ""responses"" parameter.",OPEN
AZ_Qr4hgs5KeDF11f8_k,backend/app/api/tracking.py,93,MAJOR,CODE_SMELL,python:S8415,"Document this HTTPException with status code 404 in the ""responses"" parameter.",OPEN
AZ_Qr4hgs5KeDF11f8_l,backend/app/api/tracking.py,95,MAJOR,CODE_SMELL,python:S8415,"Document this HTTPException with status code 403 in the ""responses"" parameter.",OPEN
AZ_Qr4hgs5KeDF11f8_m,backend/app/api/tracking.py,108,MAJOR,CODE_SMELL,python:S8415,"Document this HTTPException with status code 404 in the ""responses"" parameter.",OPEN
AZ_Qr4f6s5KeDF11f8--,backend/app/api/users.py,65,MAJOR,CODE_SMELL,python:S8415,"Document this HTTPException with status code 400 in the ""responses"" parameter.",OPEN
AZ_Qr4f6s5KeDF11f8-_,backend/app/api/users.py,75,MAJOR,CODE_SMELL,python:S8415,"Document this HTTPException with status code 502 in the ""responses"" parameter.",OPEN
AZ_Qr4f6s5KeDF11f8_A,backend/app/api/users.py,78,MAJOR,CODE_SMELL,python:S8415,"Document this HTTPException with status code 503 in the ""responses"" parameter.",OPEN
AZ_Qr4f6s5KeDF11f8-9,backend/app/api/users.py,107,CRITICAL,CODE_SMELL,python:S1192,"Define a constant instead of duplicating this literal ""User not found"" 4 times.",OPEN
AZ_Qr4f6s5KeDF11f8_B,backend/app/api/users.py,107,MAJOR,CODE_SMELL,python:S8415,"Document this HTTPException with status code 404 in the ""responses"" parameter.",OPEN
AZ_Qr4f6s5KeDF11f8_C,backend/app/api/users.py,121,MAJOR,CODE_SMELL,python:S8415,"Document this HTTPException with status code 404 in the ""responses"" parameter.",OPEN
AZ_Qr4f6s5KeDF11f8_D,backend/app/api/users.py,124,MAJOR,CODE_SMELL,python:S8415,"Document this HTTPException with status code 400 in the ""responses"" parameter.",OPEN
AZ_Qr4f6s5KeDF11f8_E,backend/app/api/users.py,141,MAJOR,CODE_SMELL,python:S8415,"Document this HTTPException with status code 404 in the ""responses"" parameter.",OPEN
AZ_Qr4f6s5KeDF11f8_F,backend/app/api/users.py,143,MAJOR,CODE_SMELL,python:S8415,"Document this HTTPException with status code 400 in the ""responses"" parameter.",OPEN
AZ_Qr4f6s5KeDF11f8_G,backend/app/api/users.py,158,MAJOR,CODE_SMELL,python:S8415,"Document this HTTPException with status code 404 in the ""responses"" parameter.",OPEN
AZ_Qr4hqs5KeDF11f8_n,backend/app/api/warehouse.py,80,MAJOR,CODE_SMELL,python:S8415,"Document this HTTPException with status code 404 in the ""responses"" parameter.",OPEN
AZ_Qr4hqs5KeDF11f8_o,backend/app/api/warehouse.py,126,MAJOR,CODE_SMELL,python:S8415,"Document this HTTPException with status code 404 in the ""responses"" parameter.",OPEN
AZ_Qr4h8s5KeDF11f8_t,backend/app/api/warehouses.py,52,MAJOR,CODE_SMELL,python:S8415,"Document this HTTPException with status code 404 in the ""responses"" parameter.",OPEN
AZ_Qr4h8s5KeDF11f8_u,backend/app/api/warehouses.py,66,MAJOR,CODE_SMELL,python:S8415,"Document this HTTPException with status code 404 in the ""responses"" parameter.",OPEN
AZ_Qr4jss5KeDF11f9Ab,backend/app/core/database.py,63,MAJOR,CODE_SMELL,python:S5886,"Remove this yield statement or annotate function ""get_db"" with ""typing.AsyncGenerator"" or one of its supertypes.",OPEN
AZ_Qr4j2s5KeDF11f9Ac,backend/app/core/dependencies.py,10,MINOR,CODE_SMELL,python:S7503,Use asynchronous features in this function or remove the `async` keyword.,OPEN
AZ_Qr4jZs5KeDF11f9AW,backend/app/models/logistics.py,20,CRITICAL,CODE_SMELL,python:S1192,"Define a constant instead of duplicating this literal ""shipments.id"" 4 times.",OPEN
AZ_Qr4jZs5KeDF11f9AV,backend/app/models/logistics.py,35,CRITICAL,CODE_SMELL,python:S1192,"Define a constant instead of duplicating this literal ""profiles.id"" 3 times.",OPEN
AZ_Qr4jPs5KeDF11f9AU,backend/app/models/support.py,17,CRITICAL,CODE_SMELL,python:S1192,"Define a constant instead of duplicating this literal ""profiles.id"" 3 times.",OPEN
AZ_Qr4jHs5KeDF11f9AS,backend/app/services/email_service.py,43,MINOR,CODE_SMELL,python:S7503,Use asynchronous features in this function or remove the `async` keyword.,OPEN
AZ_Qr4j_s5KeDF11f9Ad,backend/app/utils/helpers.py,26,MAJOR,CODE_SMELL,python:S8786,"Simplify this regular expression to reduce its runtime, as it has super-linear performance due to backtracking.",OPEN
AZ_Qr42Ls5KeDF11f9Hm,frontend/src/app/(admin)/admin/access/page.tsx,99,MINOR,CODE_SMELL,typescript:S6582,"Prefer using an optional chain expression instead, as it's more concise and easier to read.",OPEN
AZ_Qr42Ls5KeDF11f9Hn,frontend/src/app/(admin)/admin/access/page.tsx,102,MAJOR,CODE_SMELL,typescript:S4624,Refactor this code to not use nested template literals.,OPEN
AZ_Qr42Ls5KeDF11f9Ho,frontend/src/app/(admin)/admin/access/page.tsx,102,MAJOR,CODE_SMELL,typescript:S4624,Refactor this code to not use nested template literals.,OPEN
AZ_Qr41ss5KeDF11f9HQ,frontend/src/app/(admin)/admin/analytics/page.tsx,66,MINOR,CODE_SMELL,typescript:S7755,Prefer `.at(…)` over `[….length - index]`.,OPEN
AZ_Qr41is5KeDF11f9HC,frontend/src/app/(admin)/admin/branches/page.tsx,96,MAJOR,VULNERABILITY,typescript:S2245,Make sure that using this pseudorandom number generator is safe here.,OPEN
AZ_Qr41is5KeDF11f9HG,frontend/src/app/(admin)/admin/branches/page.tsx,186,MAJOR,CODE_SMELL,typescript:S9011,"Add an explicit ""type"" attribute to this button.",OPEN
AZ_Qr41is5KeDF11f9HK,frontend/src/app/(admin)/admin/branches/page.tsx,263,MAJOR,CODE_SMELL,typescript:S9011,"Add an explicit ""type"" attribute to this button.",OPEN
AZ_Qr42As5KeDF11f9Hc,frontend/src/app/(admin)/admin/users/new/page.tsx,62,MAJOR,VULNERABILITY,typescript:S2245,Make sure that using this pseudorandom number generator is safe here.,OPEN
AZ_Qr412s5KeDF11f9HT,frontend/src/app/(admin)/admin/users/page.tsx,286,MAJOR,CODE_SMELL,typescript:S9011,"Add an explicit ""type"" attribute to this button.",OPEN
AZ_Qr412s5KeDF11f9HU,frontend/src/app/(admin)/admin/users/page.tsx,287,MAJOR,CODE_SMELL,typescript:S9011,"Add an explicit ""type"" attribute to this button.",OPEN
AZ_Qr412s5KeDF11f9HV,frontend/src/app/(admin)/admin/users/page.tsx,299,MAJOR,CODE_SMELL,typescript:S3358,Extract this nested ternary operation into an independent statement.,OPEN
AZ_Qr4rws5KeDF11f9Cs,frontend/src/app/(customer)/customer/insurance/page.tsx,254,MAJOR,CODE_SMELL,typescript:S3358,Extract this nested ternary operation into an independent statement.,OPEN
AZ_Qr4uus5KeDF11f9D_,frontend/src/app/(customer)/customer/invoices/page.tsx,50,MAJOR,CODE_SMELL,typescript:S7721,Move function 'downloadInvoice' to the outer scope.,OPEN
AZ_Qr4uus5KeDF11f9EA,frontend/src/app/(customer)/customer/invoices/page.tsx,105,MAJOR,CODE_SMELL,typescript:S3358,Extract this nested ternary operation into an independent statement.,OPEN
AZ_Qr4uus5KeDF11f9EB,frontend/src/app/(customer)/customer/invoices/page.tsx,148,MAJOR,CODE_SMELL,typescript:S9011,"Add an explicit ""type"" attribute to this button.",OPEN
AZ_Qr4uus5KeDF11f9EC,frontend/src/app/(customer)/customer/invoices/page.tsx,157,MAJOR,CODE_SMELL,typescript:S9011,"Add an explicit ""type"" attribute to this button.",OPEN
AZ_Qr4u5s5KeDF11f9ED,frontend/src/app/(customer)/customer/payment/page.tsx,65,MAJOR,CODE_SMELL,typescript:S1854,"Remove this useless assignment to variable ""payError"".",OPEN
AZ_Qr4u5s5KeDF11f9EG,frontend/src/app/(customer)/customer/payment/page.tsx,116,MAJOR,CODE_SMELL,typescript:S3358,Extract this nested ternary operation into an independent statement.,OPEN
AZ_Qr4sXs5KeDF11f9DU,frontend/src/app/(customer)/customer/quotes/page.tsx,168,CRITICAL,CODE_SMELL,typescript:S3776,Refactor this function to reduce its Cognitive Complexity from 16 to the 15 allowed.,OPEN
AZ_Qr4sXs5KeDF11f9DV,frontend/src/app/(customer)/customer/quotes/page.tsx,192,MAJOR,CODE_SMELL,typescript:S3358,Extract this nested ternary operation into an independent statement.,OPEN
AZ_Qr4sXs5KeDF11f9DW,frontend/src/app/(customer)/customer/quotes/page.tsx,194,MAJOR,CODE_SMELL,typescript:S3358,Extract this nested ternary operation into an independent statement.,OPEN
AZ_Qr4sXs5KeDF11f9DX,frontend/src/app/(customer)/customer/quotes/page.tsx,206,MAJOR,CODE_SMELL,typescript:S3358,Extract this nested ternary operation into an independent statement.,OPEN
AZ_Qr4sXs5KeDF11f9DY,frontend/src/app/(customer)/customer/quotes/page.tsx,406,CRITICAL,CODE_SMELL,typescript:S3776,Refactor this function to reduce its Cognitive Complexity from 24 to the 15 allowed.,OPEN
AZ_Qr4sXs5KeDF11f9DZ,frontend/src/app/(customer)/customer/quotes/page.tsx,423,MINOR,CODE_SMELL,typescript:S7754,Prefer `.some(…)` over `.find(…)`.,OPEN
AZ_Qr4sXs5KeDF11f9Da,frontend/src/app/(customer)/customer/quotes/page.tsx,424,MINOR,CODE_SMELL,typescript:S7754,Prefer `.some(…)` over `.find(…)`.,OPEN
AZ_Qr4sXs5KeDF11f9Db,frontend/src/app/(customer)/customer/quotes/page.tsx,425,MINOR,CODE_SMELL,typescript:S7754,Prefer `.some(…)` over `.find(…)`.,OPEN
AZ_Qr4sXs5KeDF11f9Dc,frontend/src/app/(customer)/customer/quotes/page.tsx,438,MINOR,CODE_SMELL,typescript:S7754,Prefer `.some(…)` over `.find(…)`.,OPEN
AZ_Qr4sXs5KeDF11f9Dd,frontend/src/app/(customer)/customer/quotes/page.tsx,535,MAJOR,CODE_SMELL,typescript:S9011,"Add an explicit ""type"" attribute to this button.",OPEN
AZ_Qr4sXs5KeDF11f9De,frontend/src/app/(customer)/customer/quotes/page.tsx,585,MAJOR,CODE_SMELL,typescript:S6853,A form label must be associated with a control.,OPEN
AZ_Qr4sXs5KeDF11f9Dg,frontend/src/app/(customer)/customer/quotes/page.tsx,625,MAJOR,CODE_SMELL,typescript:S6853,A form label must be associated with a control.,OPEN
AZ_Qr4sXs5KeDF11f9Di,frontend/src/app/(customer)/customer/quotes/page.tsx,674,CRITICAL,CODE_SMELL,typescript:S3776,Refactor this function to reduce its Cognitive Complexity from 18 to the 15 allowed.,OPEN
AZ_Qr4sXs5KeDF11f9Dj,frontend/src/app/(customer)/customer/quotes/page.tsx,709,MAJOR,CODE_SMELL,typescript:S3358,Extract this nested ternary operation into an independent statement.,OPEN
AZ_Qr4sXs5KeDF11f9Dk,frontend/src/app/(customer)/customer/quotes/page.tsx,713,MAJOR,CODE_SMELL,typescript:S3358,Extract this nested ternary operation into an independent statement.,OPEN
AZ_Qr4sXs5KeDF11f9Dl,frontend/src/app/(customer)/customer/quotes/page.tsx,740,MAJOR,CODE_SMELL,typescript:S6853,A form label must be associated with a control.,OPEN
AZ_Qr4sXs5KeDF11f9Dm,frontend/src/app/(customer)/customer/quotes/page.tsx,752,MAJOR,CODE_SMELL,typescript:S6853,A form label must be associated with a control.,OPEN
AZ_Qr4sXs5KeDF11f9Dn,frontend/src/app/(customer)/customer/quotes/page.tsx,767,MAJOR,CODE_SMELL,typescript:S6853,A form label must be associated with a control.,OPEN
AZ_Qr4sXs5KeDF11f9Do,frontend/src/app/(customer)/customer/quotes/page.tsx,774,MAJOR,CODE_SMELL,typescript:S6853,A form label must be associated with a control.,OPEN
AZ_Qr4sXs5KeDF11f9Dp,frontend/src/app/(customer)/customer/quotes/page.tsx,817,MAJOR,CODE_SMELL,typescript:S6853,A form label must be associated with a control.,OPEN
AZ_Qr4sXs5KeDF11f9Dq,frontend/src/app/(customer)/customer/quotes/page.tsx,881,MAJOR,CODE_SMELL,typescript:S6772,Ambiguous spacing after previous element span,OPEN
AZ_Qr4ubs5KeDF11f9Dr,frontend/src/app/(customer)/customer/shipments/new/page.tsx,28,MAJOR,CODE_SMELL,typescript:S1854,"Remove this useless assignment to variable ""quoteIdInput"".",OPEN
AZ_Qr4ubs5KeDF11f9Ds,frontend/src/app/(customer)/customer/shipments/new/page.tsx,75,MINOR,CODE_SMELL,typescript:S2486,Handle this exception or don't catch it at all.,OPEN
AZ_Qr4ubs5KeDF11f9Dt,frontend/src/app/(customer)/customer/shipments/new/page.tsx,114,MINOR,CODE_SMELL,typescript:S7773,Prefer `Number.parseFloat` over `parseFloat`.,OPEN
AZ_Qr4ubs5KeDF11f9Du,frontend/src/app/(customer)/customer/shipments/new/page.tsx,269,MAJOR,CODE_SMELL,typescript:S6853,A form label must be associated with a control.,OPEN
AZ_Qr4ubs5KeDF11f9Dv,frontend/src/app/(customer)/customer/shipments/new/page.tsx,273,MAJOR,CODE_SMELL,typescript:S6853,A form label must be associated with a control.,OPEN
AZ_Qr4ubs5KeDF11f9Dw,frontend/src/app/(customer)/customer/shipments/new/page.tsx,278,MAJOR,CODE_SMELL,typescript:S6853,A form label must be associated with a control.,OPEN
AZ_Qr4ubs5KeDF11f9Dx,frontend/src/app/(customer)/customer/shipments/new/page.tsx,282,MAJOR,CODE_SMELL,typescript:S6853,A form label must be associated with a control.,OPEN
AZ_Qr4ubs5KeDF11f9Dy,frontend/src/app/(customer)/customer/shipments/new/page.tsx,288,MAJOR,CODE_SMELL,typescript:S6853,A form label must be associated with a control.,OPEN
AZ_Qr4ubs5KeDF11f9Dz,frontend/src/app/(customer)/customer/shipments/new/page.tsx,296,MAJOR,CODE_SMELL,typescript:S9011,"Add an explicit ""type"" attribute to this button.",OPEN
AZ_Qr4ubs5KeDF11f9D0,frontend/src/app/(customer)/customer/shipments/new/page.tsx,319,MAJOR,CODE_SMELL,typescript:S6853,A form label must be associated with a control.,OPEN
AZ_Qr4ubs5KeDF11f9D1,frontend/src/app/(customer)/customer/shipments/new/page.tsx,337,MAJOR,CODE_SMELL,typescript:S6853,A form label must be associated with a control.,OPEN
AZ_Qr4ubs5KeDF11f9D2,frontend/src/app/(customer)/customer/shipments/new/page.tsx,352,MAJOR,CODE_SMELL,typescript:S6853,A form label must be associated with a control.,OPEN
AZ_Qr4ubs5KeDF11f9D3,frontend/src/app/(customer)/customer/shipments/new/page.tsx,368,MAJOR,CODE_SMELL,typescript:S6853,A form label must be associated with a control.,OPEN
AZ_Qr4r9s5KeDF11f9Ct,frontend/src/app/(customer)/customer/simulation/page.tsx,13,MINOR,CODE_SMELL,typescript:S1128,Remove this unused import of 'User'.,OPEN
AZ_Qr4r9s5KeDF11f9Cu,frontend/src/app/(customer)/customer/simulation/page.tsx,68,MAJOR,CODE_SMELL,typescript:S1854,"Remove this useless assignment to variable ""payment"".",OPEN
AZ_Qr4r9s5KeDF11f9Cw,frontend/src/app/(customer)/customer/simulation/page.tsx,418,MAJOR,CODE_SMELL,typescript:S9011,"Add an explicit ""type"" attribute to this button.",OPEN
AZ_Qr4r9s5KeDF11f9Cx,frontend/src/app/(customer)/customer/simulation/page.tsx,437,MAJOR,CODE_SMELL,typescript:S3358,Extract this nested ternary operation into an independent statement.,OPEN
AZ_Qr4r9s5KeDF11f9Cy,frontend/src/app/(customer)/customer/simulation/page.tsx,443,MAJOR,CODE_SMELL,typescript:S3358,Extract this nested ternary operation into an independent statement.,OPEN
AZ_Qr4r9s5KeDF11f9Cz,frontend/src/app/(customer)/customer/simulation/page.tsx,477,MAJOR,CODE_SMELL,typescript:S9011,"Add an explicit ""type"" attribute to this button.",OPEN
AZ_Qr4r9s5KeDF11f9C0,frontend/src/app/(customer)/customer/simulation/page.tsx,493,MAJOR,CODE_SMELL,typescript:S6853,A form label must be associated with a control.,OPEN
AZ_Qr4r9s5KeDF11f9C1,frontend/src/app/(customer)/customer/simulation/page.tsx,509,MAJOR,CODE_SMELL,typescript:S6848,"Avoid non-native interactive elements. If using native HTML is not possible, add an appropriate role and support for tabbing, mouse, keyboard, and touch inputs to an interactive content element.",OPEN
AZ_Qr4r9s5KeDF11f9C2,frontend/src/app/(customer)/customer/simulation/page.tsx,525,MAJOR,CODE_SMELL,typescript:S6853,A form label must be associated with a control.,OPEN
AZ_Qr4r9s5KeDF11f9C3,frontend/src/app/(customer)/customer/simulation/page.tsx,541,MAJOR,CODE_SMELL,typescript:S6848,"Avoid non-native interactive elements. If using native HTML is not possible, add an appropriate role and support for tabbing, mouse, keyboard, and touch inputs to an interactive content element.",OPEN
AZ_Qr4r9s5KeDF11f9C4,frontend/src/app/(customer)/customer/simulation/page.tsx,557,MAJOR,CODE_SMELL,typescript:S6853,A form label must be associated with a control.,OPEN
AZ_Qr4r9s5KeDF11f9C5,frontend/src/app/(customer)/customer/simulation/page.tsx,570,MAJOR,CODE_SMELL,typescript:S6853,A form label must be associated with a control.,OPEN
AZ_Qr4r9s5KeDF11f9C6,frontend/src/app/(customer)/customer/simulation/page.tsx,582,MAJOR,CODE_SMELL,typescript:S6853,A form label must be associated with a control.,OPEN
AZ_Qr4r9s5KeDF11f9C7,frontend/src/app/(customer)/customer/simulation/page.tsx,592,MAJOR,CODE_SMELL,typescript:S6853,A form label must be associated with a control.,OPEN
AZ_Qr4r9s5KeDF11f9C8,frontend/src/app/(customer)/customer/simulation/page.tsx,602,MAJOR,CODE_SMELL,typescript:S9011,"Add an explicit ""type"" attribute to this button.",OPEN
AZ_Qr4r9s5KeDF11f9C9,frontend/src/app/(customer)/customer/simulation/page.tsx,634,MAJOR,CODE_SMELL,typescript:S9011,"Add an explicit ""type"" attribute to this button.",OPEN
AZ_Qr4r9s5KeDF11f9C-,frontend/src/app/(customer)/customer/simulation/page.tsx,654,MAJOR,CODE_SMELL,typescript:S9011,"Add an explicit ""type"" attribute to this button.",OPEN
AZ_Qr4r9s5KeDF11f9C_,frontend/src/app/(customer)/customer/simulation/page.tsx,676,MAJOR,CODE_SMELL,typescript:S6853,A form label must be associated with a control.,OPEN
AZ_Qr4r9s5KeDF11f9DA,frontend/src/app/(customer)/customer/simulation/page.tsx,691,MAJOR,CODE_SMELL,typescript:S9011,"Add an explicit ""type"" attribute to this button.",OPEN
AZ_Qr4r9s5KeDF11f9DB,frontend/src/app/(customer)/customer/simulation/page.tsx,718,MAJOR,CODE_SMELL,typescript:S9011,"Add an explicit ""type"" attribute to this button.",OPEN
AZ_Qr4r9s5KeDF11f9DC,frontend/src/app/(customer)/customer/simulation/page.tsx,737,MAJOR,CODE_SMELL,typescript:S9011,"Add an explicit ""type"" attribute to this button.",OPEN
AZ_Qr4r9s5KeDF11f9DD,frontend/src/app/(customer)/customer/simulation/page.tsx,757,MAJOR,CODE_SMELL,typescript:S9011,"Add an explicit ""type"" attribute to this button.",OPEN
AZ_Qr4r9s5KeDF11f9DE,frontend/src/app/(customer)/customer/simulation/page.tsx,776,MAJOR,CODE_SMELL,typescript:S9011,"Add an explicit ""type"" attribute to this button.",OPEN
AZ_Qr4r9s5KeDF11f9DF,frontend/src/app/(customer)/customer/simulation/page.tsx,795,MAJOR,CODE_SMELL,typescript:S9011,"Add an explicit ""type"" attribute to this button.",OPEN
AZ_Qr4r9s5KeDF11f9DG,frontend/src/app/(customer)/customer/simulation/page.tsx,834,MAJOR,CODE_SMELL,typescript:S9011,"Add an explicit ""type"" attribute to this button.",OPEN
AZ_Qr45bs5KeDF11f9KJ,frontend/src/app/(customs)/customs/team/page.tsx,39,MINOR,CODE_SMELL,typescript:S6582,"Prefer using an optional chain expression instead, as it's more concise and easier to read.",OPEN
AZ_Qr4v8s5KeDF11f9E8,frontend/src/app/(driver)/driver/profile/page.tsx,22,MINOR,CODE_SMELL,typescript:S6571,'any' overrides all other types in this union type.,OPEN
AZ_Qr4vps5KeDF11f9Ew,frontend/src/app/(driver)/driver/routes/page.tsx,121,MAJOR,CODE_SMELL,typescript:S3358,Extract this nested ternary operation into an independent statement.,OPEN
AZ_Qr4ves5KeDF11f9Ea,frontend/src/app/(driver)/driver/settings/page.tsx,13,MINOR,CODE_SMELL,typescript:S6571,'any' overrides all other types in this union type.,OPEN
AZ_Qr4ves5KeDF11f9Ec,frontend/src/app/(driver)/driver/settings/page.tsx,54,INFO,CODE_SMELL,typescript:S1135,"Complete the task associated to this ""TODO"" comment.",OPEN
AZ_Qr4ves5KeDF11f9Ed,frontend/src/app/(driver)/driver/settings/page.tsx,65,INFO,CODE_SMELL,typescript:S1135,"Complete the task associated to this ""TODO"" comment.",OPEN
AZ_Qr4ves5KeDF11f9Ee,frontend/src/app/(driver)/driver/settings/page.tsx,73,MAJOR,CODE_SMELL,typescript:S7721,Move function 'saveProfile' to the outer scope.,OPEN
AZ_Qr4ves5KeDF11f9Ef,frontend/src/app/(driver)/driver/settings/page.tsx,74,INFO,CODE_SMELL,typescript:S1135,"Complete the task associated to this ""TODO"" comment.",OPEN
AZ_Qr4vys5KeDF11f9E2,frontend/src/app/(driver)/driver/tasks/page.tsx,45,INFO,CODE_SMELL,typescript:S1135,"Complete the task associated to this ""TODO"" comment.",OPEN
AZ_Qr40ys5KeDF11f9Gl,frontend/src/app/(finance)/finance/reports/page.tsx,156,MAJOR,CODE_SMELL,typescript:S9011,"Add an explicit ""type"" attribute to this button.",OPEN
AZ_Qr43ns5KeDF11f9I1,frontend/src/app/(logistics)/logistics/deliveries/page.tsx,81,MINOR,CODE_SMELL,typescript:S7773,Prefer `Number.parseInt` over `parseInt`.,OPEN
AZ_Qr43ys5KeDF11f9JO,frontend/src/app/(logistics)/logistics/shipments/page.tsx,123,MAJOR,CODE_SMELL,typescript:S6853,A form label must be associated with a control.,OPEN
AZ_Qr438s5KeDF11f9Ja,frontend/src/app/(logistics)/logistics/team/page.tsx,64,MINOR,CODE_SMELL,typescript:S6582,"Prefer using an optional chain expression instead, as it's more concise and easier to read.",OPEN
AZ_Qr4yps5KeDF11f9Fz,frontend/src/app/(public)/Home.tsx,64,MAJOR,CODE_SMELL,typescript:S1854,"Remove this useless assignment to variable ""toast"".",OPEN
AZ_Qr4zZs5KeDF11f9GE,frontend/src/app/(public)/industries/page.tsx,22,MINOR,CODE_SMELL,typescript:S6759,Mark the props of the component as read-only.,OPEN
AZ_Qr4zZs5KeDF11f9GF,frontend/src/app/(public)/industries/page.tsx,69,MINOR,CODE_SMELL,typescript:S7723,Use `new Array()` instead of `Array()`.,OPEN
AZ_Qr4zZs5KeDF11f9GG,frontend/src/app/(public)/industries/page.tsx,71,MAJOR,CODE_SMELL,typescript:S6479,Do not use Array index in keys,OPEN
AZ_Qr4wQs5KeDF11f9E_,frontend/src/app/(public)/products/page.tsx,27,MINOR,CODE_SMELL,typescript:S7723,Use `new Array()` instead of `Array()`.,OPEN
AZ_Qr4wQs5KeDF11f9FA,frontend/src/app/(public)/products/page.tsx,29,MAJOR,CODE_SMELL,typescript:S6479,Do not use Array index in keys,OPEN
AZ_Qr4w5s5KeDF11f9FK,frontend/src/app/(public)/services/page.tsx,29,MINOR,CODE_SMELL,typescript:S6759,Mark the props of the component as read-only.,OPEN
AZ_Qr442s5KeDF11f9J5,frontend/src/app/(support)/support/team/page.tsx,57,MINOR,CODE_SMELL,typescript:S6582,"Prefer using an optional chain expression instead, as it's more concise and easier to read.",OPEN
AZ_Qr421s5KeDF11f9IE,frontend/src/app/(warehouse)/warehouse/team/page.tsx,68,MINOR,CODE_SMELL,typescript:S6582,"Prefer using an optional chain expression instead, as it's more concise and easier to read.",OPEN
AZ_Qr4qzs5KeDF11f9CE,frontend/src/components/dashboards/DriverDashboard.tsx,5,MINOR,CODE_SMELL,typescript:S1128,Remove this unused import of 'Navigation'.,OPEN
AZ_Qr4qzs5KeDF11f9CF,frontend/src/components/dashboards/DriverDashboard.tsx,7,MINOR,CODE_SMELL,typescript:S1128,Remove this unused import of 'Clock'.,OPEN
AZ_Qr4qzs5KeDF11f9CH,frontend/src/components/dashboards/DriverDashboard.tsx,29,MINOR,CODE_SMELL,typescript:S6571,'any' overrides all other types in this union type.,OPEN
AZ_Qr4qzs5KeDF11f9CI,frontend/src/components/dashboards/DriverDashboard.tsx,32,MAJOR,CODE_SMELL,typescript:S1854,"Remove this useless assignment to variable ""tasks"".",OPEN
AZ_Qr4qzs5KeDF11f9CJ,frontend/src/components/dashboards/DriverDashboard.tsx,115,MAJOR,CODE_SMELL,typescript:S1854,"Remove this useless assignment to variable ""formattedDriverName"".",OPEN
AZ_Qr4qzs5KeDF11f9CK,frontend/src/components/dashboards/DriverDashboard.tsx,115,MINOR,CODE_SMELL,typescript:S6582,"Prefer using an optional chain expression instead, as it's more concise and easier to read.",OPEN
AZ_Qr4qzs5KeDF11f9CL,frontend/src/components/dashboards/DriverDashboard.tsx,116,MAJOR,CODE_SMELL,typescript:S3358,Extract this nested ternary operation into an independent statement.,OPEN
AZ_Qr4qzs5KeDF11f9CM,frontend/src/components/dashboards/DriverDashboard.tsx,167,MINOR,CODE_SMELL,typescript:S6582,"Prefer using an optional chain expression instead, as it's more concise and easier to read.",OPEN
AZ_Qr4qzs5KeDF11f9CN,frontend/src/components/dashboards/DriverDashboard.tsx,167,MAJOR,CODE_SMELL,typescript:S3358,Extract this nested ternary operation into an independent statement.,OPEN
AZ_Qr4qzs5KeDF11f9CO,frontend/src/components/dashboards/DriverDashboard.tsx,212,MAJOR,CODE_SMELL,typescript:S9011,"Add an explicit ""type"" attribute to this button.",OPEN
AZ_Qr4qzs5KeDF11f9CP,frontend/src/components/dashboards/DriverDashboard.tsx,241,MAJOR,CODE_SMELL,typescript:S3358,Extract this nested ternary operation into an independent statement.,OPEN
AZ_Qr4qzs5KeDF11f9CQ,frontend/src/components/dashboards/DriverDashboard.tsx,254,MAJOR,CODE_SMELL,typescript:S3358,Extract this nested ternary operation into an independent statement.,OPEN
AZ_Qr4qzs5KeDF11f9CR,frontend/src/components/dashboards/DriverDashboard.tsx,297,MAJOR,CODE_SMELL,typescript:S9011,"Add an explicit ""type"" attribute to this button.",OPEN
AZ_Qr4rKs5KeDF11f9CX,frontend/src/components/dashboards/WarehouseDashboard.tsx,78,INFO,CODE_SMELL,typescript:S1135,"Complete the task associated to this ""TODO"" comment.",OPEN
AZ_Qr4qVs5KeDF11f9Bp,frontend/src/components/shared/PortalHeader.tsx,200,MAJOR,CODE_SMELL,typescript:S3358,Extract this nested ternary operation into an independent statement.,OPEN
AZ_Qr4p2s5KeDF11f9Bc,frontend/src/components/shared/PublicNavbar.tsx,96,MAJOR,CODE_SMELL,typescript:S9011,"Add an explicit ""type"" attribute to this button.",OPEN
AZ_Qr4p3s5KeDF11f9Bd,frontend/src/components/shared/PublicNavbar.tsx,101,MAJOR,CODE_SMELL,typescript:S9011,"Add an explicit ""type"" attribute to this button.",OPEN
AZ_Qr4p3s5KeDF11f9Bf,frontend/src/components/shared/PublicNavbar.tsx,147,MAJOR,CODE_SMELL,typescript:S9011,"Add an explicit ""type"" attribute to this button.",OPEN
AZ_Qr46Is5KeDF11f9KZ,frontend/src/lib/api.ts,74,MAJOR,CODE_SMELL,typescript:S7746,Prefer `throw error` over `return Promise.reject(error)`.,OPEN
AZ_Qr451s5KeDF11f9KQ,frontend/src/lib/notifications.ts,52,MAJOR,CODE_SMELL,typescript:S4624,Refactor this code to not use nested template literals.,OPEN
AZ_Qr41is5KeDF11f9HH,frontend/src/app/(admin)/admin/branches/page.tsx,187,MAJOR,CODE_SMELL,typescript:S9011,"Add an explicit ""type"" attribute to this button.",OPEN
AZ_Qr42As5KeDF11f9Hb,frontend/src/app/(admin)/admin/users/new/page.tsx,45,MAJOR,CODE_SMELL,typescript:S8786,"Simplify this regular expression to reduce its runtime, as it has super-linear performance due to backtracking.",OPEN
AZ_Qr4u5s5KeDF11f9EF,frontend/src/app/(customer)/customer/payment/page.tsx,87,CRITICAL,CODE_SMELL,typescript:S3776,Refactor this function to reduce its Cognitive Complexity from 23 to the 15 allowed.,OPEN
AZ_Qr4ves5KeDF11f9Eb,frontend/src/app/(driver)/driver/settings/page.tsx,29,MINOR,CODE_SMELL,typescript:S6353,Use concise character class syntax '\d' instead of '[0-9]'.,OPEN
AZ_Qr41Fs5KeDF11f9Gx,frontend/src/app/(finance)/finance/invoices/page.tsx,73,MINOR,CODE_SMELL,typescript:S7773,Prefer `Number.isNaN` over `isNaN`.,OPEN
AZ_Qr407s5KeDF11f9Gm,frontend/src/app/(finance)/finance/settings/page.tsx,30,MINOR,CODE_SMELL,typescript:S6353,Use concise character class syntax '\d' instead of '[0-9]'.,OPEN
AZ_Qr407s5KeDF11f9Gw,frontend/src/app/(finance)/finance/settings/page.tsx,142,MAJOR,CODE_SMELL,typescript:S6853,A form label must be associated with a control.,OPEN
AZ_Qr43ds5KeDF11f9Il,frontend/src/app/(logistics)/logistics/routes/page.tsx,122,MAJOR,CODE_SMELL,typescript:S6853,A form label must be associated with a control.,OPEN
AZ_Qr43ds5KeDF11f9Im,frontend/src/app/(logistics)/logistics/routes/page.tsx,127,MAJOR,CODE_SMELL,typescript:S6853,A form label must be associated with a control.,OPEN
AZ_Qr43ds5KeDF11f9In,frontend/src/app/(logistics)/logistics/routes/page.tsx,132,MAJOR,CODE_SMELL,typescript:S6853,A form label must be associated with a control.,OPEN
AZ_Qr43ys5KeDF11f9JK,frontend/src/app/(logistics)/logistics/shipments/page.tsx,119,MAJOR,CODE_SMELL,typescript:S6853,A form label must be associated with a control.,OPEN
AZ_Qr43ys5KeDF11f9JL,frontend/src/app/(logistics)/logistics/shipments/page.tsx,120,MAJOR,CODE_SMELL,typescript:S6853,A form label must be associated with a control.,OPEN
AZ_Qr4yps5KeDF11f9Fu,frontend/src/app/(public)/Home.tsx,7,MINOR,CODE_SMELL,typescript:S1128,Remove this unused import of 'Zap'.,OPEN
AZ_Qr4yps5KeDF11f9Fv,frontend/src/app/(public)/Home.tsx,7,MINOR,CODE_SMELL,typescript:S1128,Remove this unused import of 'Shield'.,OPEN
AZ_Qr4yps5KeDF11f9Fy,frontend/src/app/(public)/Home.tsx,18,MINOR,CODE_SMELL,typescript:S6759,Mark the props of the component as read-only.,OPEN
AZ_Qr4yps5KeDF11f9F0,frontend/src/app/(public)/Home.tsx,65,MAJOR,CODE_SMELL,typescript:S1854,"Remove this useless assignment to variable ""router"".",OPEN
AZ_Qr4yps5KeDF11f9F1,frontend/src/app/(public)/Home.tsx,228,MAJOR,CODE_SMELL,typescript:S9011,"Add an explicit ""type"" attribute to this button.",OPEN
AZ_Qr4yps5KeDF11f9F2,frontend/src/app/(public)/Home.tsx,325,MAJOR,VULNERABILITY,typescript:S2245,Make sure that using this pseudorandom number generator is safe here.,OPEN
AZ_Qr4yps5KeDF11f9F4,frontend/src/app/(public)/Home.tsx,395,MAJOR,CODE_SMELL,typescript:S6479,Do not use Array index in keys,OPEN
AZ_Qr4yps5KeDF11f9F5,frontend/src/app/(public)/Home.tsx,440,MAJOR,CODE_SMELL,typescript:S9011,"Add an explicit ""type"" attribute to this button.",OPEN
AZ_Qr4zPs5KeDF11f9GB,frontend/src/app/(public)/industries/consultation/page.tsx,133,MAJOR,CODE_SMELL,typescript:S6853,A form label must be associated with a control.,OPEN
AZ_Qr4zPs5KeDF11f9GC,frontend/src/app/(public)/industries/consultation/page.tsx,163,MAJOR,CODE_SMELL,typescript:S6853,A form label must be associated with a control.,OPEN
AZ_Qr4was5KeDF11f9FB,frontend/src/app/(public)/products/demo/page.tsx,128,MAJOR,CODE_SMELL,typescript:S6853,A form label must be associated with a control.,OPEN
AZ_Qr4was5KeDF11f9FC,frontend/src/app/(public)/products/demo/page.tsx,151,MAJOR,CODE_SMELL,typescript:S6853,A form label must be associated with a control.,OPEN
AZ_Qr4was5KeDF11f9FD,frontend/src/app/(public)/products/demo/page.tsx,161,MAJOR,CODE_SMELL,typescript:S6853,A form label must be associated with a control.,OPEN
AZ_Qr40Ts5KeDF11f9GR,frontend/src/app/(public)/quote/page.tsx,104,MAJOR,CODE_SMELL,typescript:S9011,"Add an explicit ""type"" attribute to this button.",OPEN
AZ_Qr40Ts5KeDF11f9GZ,frontend/src/app/(public)/quote/page.tsx,190,MINOR,CODE_SMELL,typescript:S7773,Prefer `Number.parseFloat` over `parseFloat`.,OPEN
AZ_Qr40Ts5KeDF11f9Gc,frontend/src/app/(public)/quote/page.tsx,211,MAJOR,CODE_SMELL,typescript:S9011,"Add an explicit ""type"" attribute to this button.",OPEN
AZ_Qr40Ts5KeDF11f9Ge,frontend/src/app/(public)/quote/page.tsx,226,MAJOR,CODE_SMELL,typescript:S9011,"Add an explicit ""type"" attribute to this button.",OPEN
AZ_Qr40Ts5KeDF11f9Gf,frontend/src/app/(public)/quote/page.tsx,309,MAJOR,CODE_SMELL,typescript:S9011,"Add an explicit ""type"" attribute to this button.",OPEN
AZ_Qr4w5s5KeDF11f9FL,frontend/src/app/(public)/services/page.tsx,67,MINOR,CODE_SMELL,typescript:S7723,Use `new Array()` instead of `Array()`.,OPEN
AZ_Qr4w5s5KeDF11f9FM,frontend/src/app/(public)/services/page.tsx,68,MAJOR,CODE_SMELL,typescript:S6479,Do not use Array index in keys,OPEN
AZ_Qr4w5s5KeDF11f9FN,frontend/src/app/(public)/services/page.tsx,73,MAJOR,CODE_SMELL,typescript:S3358,Extract this nested ternary operation into an independent statement.,OPEN
AZ_Qr4yJs5KeDF11f9Fj,frontend/src/app/(public)/solutions/brochure/page.tsx,119,MAJOR,CODE_SMELL,typescript:S9011,"Add an explicit ""type"" attribute to this button.",OPEN
AZ_Qr4yTs5KeDF11f9Fk,frontend/src/app/(public)/solutions/consultation/page.tsx,23,MAJOR,CODE_SMELL,typescript:S8786,"Simplify this regular expression to reduce its runtime, as it has super-linear performance due to backtracking.",OPEN
AZ_Qr4yTs5KeDF11f9Fl,frontend/src/app/(public)/solutions/consultation/page.tsx,124,MAJOR,CODE_SMELL,typescript:S6853,A form label must be associated with a control.,OPEN
AZ_Qr4yTs5KeDF11f9Fm,frontend/src/app/(public)/solutions/consultation/page.tsx,154,MAJOR,CODE_SMELL,typescript:S6853,A form label must be associated with a control.,OPEN
AZ_Qr42qs5KeDF11f9H3,frontend/src/app/(warehouse)/warehouse/settings/page.tsx,24,MINOR,CODE_SMELL,typescript:S6353,Use concise character class syntax '\d' instead of '[0-9]'.,OPEN
AZ_Qr42qs5KeDF11f9IB,frontend/src/app/(warehouse)/warehouse/settings/page.tsx,148,MAJOR,CODE_SMELL,typescript:S6853,A form label must be associated with a control.,OPEN
AZ_Qr4qVs5KeDF11f9Bl,frontend/src/components/shared/PortalHeader.tsx,84,MINOR,CODE_SMELL,typescript:S6759,Mark the props of the component as read-only.,OPEN
AZ_Qr4qVs5KeDF11f9Bm,frontend/src/components/shared/PortalHeader.tsx,149,MAJOR,CODE_SMELL,typescript:S9011,"Add an explicit ""type"" attribute to this button.",OPEN
AZ_Qr4qVs5KeDF11f9Bo,frontend/src/components/shared/PortalHeader.tsx,196,MAJOR,CODE_SMELL,typescript:S9011,"Add an explicit ""type"" attribute to this button.",OPEN
AZ_Qr4qVs5KeDF11f9Bq,frontend/src/components/shared/PortalHeader.tsx,211,MAJOR,CODE_SMELL,typescript:S3358,Extract this nested ternary operation into an independent statement.,OPEN
AZ_Qr4qVs5KeDF11f9Br,frontend/src/components/shared/PortalHeader.tsx,212,MAJOR,CODE_SMELL,typescript:S3358,Extract this nested ternary operation into an independent statement.,OPEN
AZ_Qr4qVs5KeDF11f9Bs,frontend/src/components/shared/PortalHeader.tsx,236,MAJOR,CODE_SMELL,typescript:S9011,"Add an explicit ""type"" attribute to this button.",OPEN
AZ_Qr4qVs5KeDF11f9Bt,frontend/src/components/shared/PortalHeader.tsx,247,MAJOR,CODE_SMELL,typescript:S9011,"Add an explicit ""type"" attribute to this button.",OPEN
AZ_Qr4qVs5KeDF11f9Bu,frontend/src/components/shared/PortalHeader.tsx,269,MAJOR,CODE_SMELL,typescript:S9011,"Add an explicit ""type"" attribute to this button.",OPEN
AZ_Qr4qVs5KeDF11f9Bv,frontend/src/components/shared/PortalHeader.tsx,272,MAJOR,CODE_SMELL,typescript:S3358,Extract this nested ternary operation into an independent statement.,OPEN
AZ_Qr4qVs5KeDF11f9Bw,frontend/src/components/shared/PortalHeader.tsx,282,MAJOR,CODE_SMELL,typescript:S6848,"Avoid non-native interactive elements. If using native HTML is not possible, add an appropriate role and support for tabbing, mouse, keyboard, and touch inputs to an interactive content element.",OPEN
AZ_Qr4qVs5KeDF11f9Bx,frontend/src/components/shared/PortalHeader.tsx,282,MINOR,BUG,typescript:S1082,"Visible, non-interactive elements with click handlers must have at least one keyboard listener.",OPEN
AZ_Qr4qVs5KeDF11f9By,frontend/src/components/shared/PortalHeader.tsx,321,MAJOR,CODE_SMELL,typescript:S9011,"Add an explicit ""type"" attribute to this button.",OPEN
AZ_Qr4qVs5KeDF11f9Bz,frontend/src/components/shared/PortalHeader.tsx,326,MAJOR,CODE_SMELL,typescript:S9011,"Add an explicit ""type"" attribute to this button.",OPEN
AZ_Qr4qVs5KeDF11f9B0,frontend/src/components/shared/PortalHeader.tsx,331,MAJOR,CODE_SMELL,typescript:S9011,"Add an explicit ""type"" attribute to this button.",OPEN
AZ_Qr4oRs5KeDF11f9A7,frontend/src/components/ui/PhoneField.tsx,56,MINOR,CODE_SMELL,typescript:S6594,"Use the ""RegExp.exec()"" method instead.",OPEN
AZ_Qr4oRs5KeDF11f9A8,frontend/src/components/ui/PhoneField.tsx,61,MINOR,CODE_SMELL,typescript:S6759,Mark the props of the component as read-only.,OPEN
AZ_Qr4oRs5KeDF11f9A9,frontend/src/components/ui/PhoneField.tsx,89,MINOR,CODE_SMELL,typescript:S7754,Prefer `.some(…)` over `.find(…)`.,OPEN
AZ_Qr45_s5KeDF11f9KV,frontend/src/lib/validation.ts,81,MINOR,CODE_SMELL,typescript:S6594,"Use the ""RegExp.exec()"" method instead.",OPEN
AZ_Qr45_s5KeDF11f9KW,frontend/src/lib/validation.ts,94,MINOR,CODE_SMELL,typescript:S7773,Prefer `Number.parseFloat` over `parseFloat`.,OPEN
AZ_Qr45_s5KeDF11f9KX,frontend/src/lib/validation.ts,95,MINOR,CODE_SMELL,typescript:S7773,Prefer `Number.isNaN` over `isNaN`.,OPEN
AZ_Qr42Ls5KeDF11f9Hp,frontend/src/app/(admin)/admin/access/page.tsx,137,MAJOR,CODE_SMELL,typescript:S9011,"Add an explicit ""type"" attribute to this button.",OPEN
AZ_Qr42Ls5KeDF11f9Hq,frontend/src/app/(admin)/admin/access/page.tsx,200,MAJOR,CODE_SMELL,typescript:S9011,"Add an explicit ""type"" attribute to this button.",OPEN
AZ_Qr42Ls5KeDF11f9Hr,frontend/src/app/(admin)/admin/access/page.tsx,201,MAJOR,CODE_SMELL,typescript:S9011,"Add an explicit ""type"" attribute to this button.",OPEN
AZ_Qr42Ls5KeDF11f9Hs,frontend/src/app/(admin)/admin/access/page.tsx,202,MAJOR,CODE_SMELL,typescript:S9011,"Add an explicit ""type"" attribute to this button.",OPEN
AZ_Qr42Ls5KeDF11f9Ht,frontend/src/app/(admin)/admin/access/page.tsx,227,MAJOR,CODE_SMELL,typescript:S6479,Do not use Array index in keys,OPEN
AZ_Qr41is5KeDF11f9HD,frontend/src/app/(admin)/admin/branches/page.tsx,164,MAJOR,CODE_SMELL,typescript:S6853,A form label must be associated with a control.,OPEN
AZ_Qr41is5KeDF11f9HE,frontend/src/app/(admin)/admin/branches/page.tsx,171,MAJOR,CODE_SMELL,typescript:S6853,A form label must be associated with a control.,OPEN
AZ_Qr41is5KeDF11f9HF,frontend/src/app/(admin)/admin/branches/page.tsx,178,MAJOR,CODE_SMELL,typescript:S6853,A form label must be associated with a control.,OPEN
AZ_Qr41is5KeDF11f9HI,frontend/src/app/(admin)/admin/branches/page.tsx,252,MAJOR,CODE_SMELL,typescript:S3358,Extract this nested ternary operation into an independent statement.,OPEN
AZ_Qr42Ws5KeDF11f9Hw,frontend/src/app/(admin)/admin/notifications/page.tsx,203,MAJOR,CODE_SMELL,typescript:S6853,A form label must be associated with a control.,OPEN
AZ_Qr42Ws5KeDF11f9Hx,frontend/src/app/(admin)/admin/notifications/page.tsx,204,MAJOR,CODE_SMELL,typescript:S6853,A form label must be associated with a control.,OPEN
AZ_Qr42Ws5KeDF11f9Hy,frontend/src/app/(admin)/admin/notifications/page.tsx,205,MAJOR,CODE_SMELL,typescript:S6853,A form label must be associated with a control.,OPEN
AZ_Qr42Ws5KeDF11f9Hz,frontend/src/app/(admin)/admin/notifications/page.tsx,206,MAJOR,CODE_SMELL,typescript:S6853,A form label must be associated with a control.,OPEN
AZ_Qr42Ws5KeDF11f9H0,frontend/src/app/(admin)/admin/notifications/page.tsx,214,MAJOR,CODE_SMELL,typescript:S6853,A form label must be associated with a control.,OPEN
AZ_Qr42Ws5KeDF11f9H1,frontend/src/app/(admin)/admin/notifications/page.tsx,232,MAJOR,CODE_SMELL,typescript:S9011,"Add an explicit ""type"" attribute to this button.",OPEN
AZ_Qr42As5KeDF11f9Hd,frontend/src/app/(admin)/admin/users/new/page.tsx,104,MAJOR,CODE_SMELL,typescript:S6853,A form label must be associated with a control.,OPEN
AZ_Qr42As5KeDF11f9Hf,frontend/src/app/(admin)/admin/users/new/page.tsx,111,MAJOR,CODE_SMELL,typescript:S6853,A form label must be associated with a control.,OPEN
AZ_Qr42As5KeDF11f9Hg,frontend/src/app/(admin)/admin/users/new/page.tsx,122,MAJOR,CODE_SMELL,typescript:S6853,A form label must be associated with a control.,OPEN
AZ_Qr42As5KeDF11f9Hh,frontend/src/app/(admin)/admin/users/new/page.tsx,129,MAJOR,CODE_SMELL,typescript:S6853,A form label must be associated with a control.,OPEN
AZ_Qr42As5KeDF11f9Hi,frontend/src/app/(admin)/admin/users/new/page.tsx,138,MAJOR,CODE_SMELL,typescript:S6853,A form label must be associated with a control.,OPEN
AZ_Qr42As5KeDF11f9Hj,frontend/src/app/(admin)/admin/users/new/page.tsx,144,MAJOR,CODE_SMELL,typescript:S6853,A form label must be associated with a control.,OPEN
AZ_Qr42As5KeDF11f9Hk,frontend/src/app/(admin)/admin/users/new/page.tsx,153,MAJOR,CODE_SMELL,typescript:S6853,A form label must be associated with a control.,OPEN
AZ_Qr42As5KeDF11f9Hl,frontend/src/app/(admin)/admin/users/new/page.tsx,160,MAJOR,CODE_SMELL,typescript:S6853,A form label must be associated with a control.,OPEN
AZ_Qr412s5KeDF11f9HR,frontend/src/app/(admin)/admin/users/page.tsx,202,MAJOR,CODE_SMELL,typescript:S9011,"Add an explicit ""type"" attribute to this button.",OPEN
AZ_Qr42gs5KeDF11f9H2,frontend/src/app/(admin)/layout.tsx,8,MINOR,CODE_SMELL,typescript:S6759,Mark the props of the component as read-only.,OPEN
AZ_Qr4vVs5KeDF11f9EZ,frontend/src/app/(admin-auth)/layout.tsx,8,MINOR,CODE_SMELL,typescript:S6759,Mark the props of the component as read-only.,OPEN
AZ_Qr44is5KeDF11f9J0,frontend/src/app/(auth)/layout.tsx,9,MINOR,CODE_SMELL,typescript:S6759,Mark the props of the component as read-only.,OPEN
AZ_Qr44ss5KeDF11f9J2,frontend/src/app/(auth)/register/page.tsx,110,MAJOR,CODE_SMELL,typescript:S3358,Extract this nested ternary operation into an independent statement.,OPEN
AZ_Qr4rws5KeDF11f9Cn,frontend/src/app/(customer)/customer/insurance/page.tsx,123,MAJOR,CODE_SMELL,typescript:S9011,"Add an explicit ""type"" attribute to this button.",OPEN
AZ_Qr4rws5KeDF11f9Co,frontend/src/app/(customer)/customer/insurance/page.tsx,187,MAJOR,CODE_SMELL,typescript:S6853,A form label must be associated with a control.,OPEN
AZ_Qr4rws5KeDF11f9Cp,frontend/src/app/(customer)/customer/insurance/page.tsx,207,MAJOR,CODE_SMELL,typescript:S6853,A form label must be associated with a control.,OPEN
AZ_Qr4rws5KeDF11f9Cr,frontend/src/app/(customer)/customer/insurance/page.tsx,223,MAJOR,CODE_SMELL,typescript:S6853,A form label must be associated with a control.,OPEN
AZ_Qr4u5s5KeDF11f9EE,frontend/src/app/(customer)/customer/payment/page.tsx,66,MAJOR,VULNERABILITY,typescript:S2245,Make sure that using this pseudorandom number generator is safe here.,OPEN
AZ_Qr4u5s5KeDF11f9EH,frontend/src/app/(customer)/customer/payment/page.tsx,196,MAJOR,CODE_SMELL,typescript:S9011,"Add an explicit ""type"" attribute to this button.",OPEN
AZ_Qr4u5s5KeDF11f9EI,frontend/src/app/(customer)/customer/payment/page.tsx,225,MAJOR,CODE_SMELL,typescript:S9011,"Add an explicit ""type"" attribute to this button.",OPEN
AZ_Qr4u5s5KeDF11f9EJ,frontend/src/app/(customer)/customer/payment/page.tsx,252,MAJOR,CODE_SMELL,typescript:S9011,"Add an explicit ""type"" attribute to this button.",OPEN
AZ_Qr4u5s5KeDF11f9EK,frontend/src/app/(customer)/customer/payment/page.tsx,272,MAJOR,CODE_SMELL,typescript:S9011,"Add an explicit ""type"" attribute to this button.",OPEN
AZ_Qr4u5s5KeDF11f9EL,frontend/src/app/(customer)/customer/payment/page.tsx,284,MAJOR,CODE_SMELL,typescript:S9011,"Add an explicit ""type"" attribute to this button.",OPEN
AZ_Qr4u5s5KeDF11f9EM,frontend/src/app/(customer)/customer/payment/page.tsx,314,MAJOR,CODE_SMELL,typescript:S6853,A form label must be associated with a control.,OPEN
AZ_Qr4u5s5KeDF11f9EN,frontend/src/app/(customer)/customer/payment/page.tsx,321,MAJOR,CODE_SMELL,typescript:S6853,A form label must be associated with a control.,OPEN
AZ_Qr4u5s5KeDF11f9EO,frontend/src/app/(customer)/customer/payment/page.tsx,336,MAJOR,CODE_SMELL,typescript:S6853,A form label must be associated with a control.,OPEN
AZ_Qr4u5s5KeDF11f9EP,frontend/src/app/(customer)/customer/payment/page.tsx,343,MAJOR,CODE_SMELL,typescript:S6853,A form label must be associated with a control.,OPEN
AZ_Qr4u5s5KeDF11f9EQ,frontend/src/app/(customer)/customer/payment/page.tsx,379,MAJOR,CODE_SMELL,typescript:S6853,A form label must be associated with a control.,OPEN
AZ_Qr4u5s5KeDF11f9ER,frontend/src/app/(customer)/customer/payment/page.tsx,386,MAJOR,CODE_SMELL,typescript:S6853,A form label must be associated with a control.,OPEN
AZ_Qr4u5s5KeDF11f9ES,frontend/src/app/(customer)/customer/payment/page.tsx,549,MAJOR,CODE_SMELL,typescript:S3358,Extract this nested ternary operation into an independent statement.,OPEN
AZ_Qr4u5s5KeDF11f9ET,frontend/src/app/(customer)/customer/payment/page.tsx,562,MAJOR,CODE_SMELL,typescript:S9011,"Add an explicit ""type"" attribute to this button.",OPEN
AZ_Qr4u5s5KeDF11f9EU,frontend/src/app/(customer)/customer/payment/page.tsx,575,MAJOR,CODE_SMELL,typescript:S9011,"Add an explicit ""type"" attribute to this button.",OPEN
AZ_Qr4u5s5KeDF11f9EV,frontend/src/app/(customer)/customer/payment/page.tsx,581,MAJOR,CODE_SMELL,typescript:S9011,"Add an explicit ""type"" attribute to this button.",OPEN
AZ_Qr4sJs5KeDF11f9DI,frontend/src/app/(customer)/customer/support/page.tsx,122,MAJOR,CODE_SMELL,typescript:S9011,"Add an explicit ""type"" attribute to this button.",OPEN
AZ_Qr4sJs5KeDF11f9DJ,frontend/src/app/(customer)/customer/support/page.tsx,150,MAJOR,CODE_SMELL,typescript:S6853,A form label must be associated with a control.,OPEN
AZ_Qr4sJs5KeDF11f9DK,frontend/src/app/(customer)/customer/support/page.tsx,158,MAJOR,CODE_SMELL,typescript:S6853,A form label must be associated with a control.,OPEN
AZ_Qr4sJs5KeDF11f9DL,frontend/src/app/(customer)/customer/support/page.tsx,169,MAJOR,CODE_SMELL,typescript:S6853,A form label must be associated with a control.,OPEN
AZ_Qr4sJs5KeDF11f9DM,frontend/src/app/(customer)/customer/support/page.tsx,179,MAJOR,CODE_SMELL,typescript:S6853,A form label must be associated with a control.,OPEN
AZ_Qr4sJs5KeDF11f9DN,frontend/src/app/(customer)/customer/support/page.tsx,198,MAJOR,CODE_SMELL,typescript:S6479,Do not use Array index in keys,OPEN
AZ_Qr4sJs5KeDF11f9DO,frontend/src/app/(customer)/customer/support/page.tsx,199,MAJOR,CODE_SMELL,typescript:S9011,"Add an explicit ""type"" attribute to this button.",OPEN
AZ_Qr4rms5KeDF11f9Ch,frontend/src/app/(customer)/customer/track/page.tsx,180,MAJOR,CODE_SMELL,typescript:S6772,Ambiguous spacing after previous element span,OPEN
AZ_Qr4rms5KeDF11f9Ci,frontend/src/app/(customer)/customer/track/page.tsx,202,MAJOR,CODE_SMELL,typescript:S6479,Do not use Array index in keys,OPEN
AZ_Qr4rms5KeDF11f9Cj,frontend/src/app/(customer)/customer/track/page.tsx,207,MAJOR,CODE_SMELL,typescript:S3358,Extract this nested ternary operation into an independent statement.,OPEN
AZ_Qr4rms5KeDF11f9Ck,frontend/src/app/(customer)/customer/track/page.tsx,227,MAJOR,CODE_SMELL,typescript:S9011,"Add an explicit ""type"" attribute to this button.",OPEN
AZ_Qr4rms5KeDF11f9Cl,frontend/src/app/(customer)/customer/track/page.tsx,281,MAJOR,CODE_SMELL,typescript:S9011,"Add an explicit ""type"" attribute to this button.",OPEN
AZ_Qr4rbs5KeDF11f9Cg,frontend/src/app/(customer)/layout.tsx,8,MINOR,CODE_SMELL,typescript:S6759,Mark the props of the component as read-only.,OPEN
AZ_Qr45bs5KeDF11f9KI,frontend/src/app/(customs)/customs/team/page.tsx,5,MINOR,CODE_SMELL,typescript:S1128,Remove this unused import of 'MapPin'.,OPEN
AZ_Qr45bs5KeDF11f9KK,frontend/src/app/(customs)/customs/team/page.tsx,79,MAJOR,CODE_SMELL,typescript:S9011,"Add an explicit ""type"" attribute to this button.",OPEN
AZ_Qr45Ss5KeDF11f9KH,frontend/src/app/(customs)/layout.tsx,9,MINOR,CODE_SMELL,typescript:S6759,Mark the props of the component as read-only.,OPEN
AZ_Qr4ves5KeDF11f9Eg,frontend/src/app/(driver)/driver/settings/page.tsx,98,MAJOR,CODE_SMELL,typescript:S6853,A form label must be associated with a control.,OPEN
AZ_Qr4ves5KeDF11f9Eh,frontend/src/app/(driver)/driver/settings/page.tsx,102,MAJOR,CODE_SMELL,typescript:S6853,A form label must be associated with a control.,OPEN
AZ_Qr4ves5KeDF11f9Ei,frontend/src/app/(driver)/driver/settings/page.tsx,106,MAJOR,CODE_SMELL,typescript:S6853,A form label must be associated with a control.,OPEN
AZ_Qr4ves5KeDF11f9Ej,frontend/src/app/(driver)/driver/settings/page.tsx,114,MAJOR,CODE_SMELL,typescript:S6853,A form label must be associated with a control.,OPEN
AZ_Qr4ves5KeDF11f9Ek,frontend/src/app/(driver)/driver/settings/page.tsx,122,MAJOR,CODE_SMELL,typescript:S9011,"Add an explicit ""type"" attribute to this button.",OPEN
AZ_Qr4ves5KeDF11f9El,frontend/src/app/(driver)/driver/settings/page.tsx,135,MAJOR,CODE_SMELL,typescript:S6848,"Avoid non-native interactive elements. If using native HTML is not possible, add an appropriate role and support for tabbing, mouse, keyboard, and touch inputs to an interactive content element.",OPEN
AZ_Qr4ves5KeDF11f9Em,frontend/src/app/(driver)/driver/settings/page.tsx,135,MINOR,BUG,typescript:S1082,"Visible, non-interactive elements with click handlers must have at least one keyboard listener.",OPEN
AZ_Qr4vfs5KeDF11f9En,frontend/src/app/(driver)/driver/settings/page.tsx,144,MAJOR,CODE_SMELL,typescript:S3358,Extract this nested ternary operation into an independent statement.,OPEN
AZ_Qr4vfs5KeDF11f9Eo,frontend/src/app/(driver)/driver/settings/page.tsx,178,MAJOR,CODE_SMELL,typescript:S9011,"Add an explicit ""type"" attribute to this button.",OPEN
AZ_Qr4vfs5KeDF11f9Ep,frontend/src/app/(driver)/driver/settings/page.tsx,195,MAJOR,CODE_SMELL,typescript:S6853,A form label must be associated with a control.,OPEN
AZ_Qr4vfs5KeDF11f9Eq,frontend/src/app/(driver)/driver/settings/page.tsx,199,MAJOR,CODE_SMELL,typescript:S6853,A form label must be associated with a control.,OPEN
AZ_Qr4vfs5KeDF11f9Er,frontend/src/app/(driver)/driver/settings/page.tsx,207,MAJOR,CODE_SMELL,typescript:S9011,"Add an explicit ""type"" attribute to this button.",OPEN
AZ_Qr4vfs5KeDF11f9Es,frontend/src/app/(driver)/driver/settings/page.tsx,221,MAJOR,CODE_SMELL,typescript:S6853,A form label must be associated with a control.,OPEN
AZ_Qr4vfs5KeDF11f9Et,frontend/src/app/(driver)/driver/settings/page.tsx,226,MAJOR,CODE_SMELL,typescript:S6853,A form label must be associated with a control.,OPEN
AZ_Qr4wGs5KeDF11f9E-,frontend/src/app/(driver)/layout.tsx,69,MINOR,CODE_SMELL,typescript:S6759,Mark the props of the component as read-only.,OPEN
AZ_Qr41Fs5KeDF11f9Gy,frontend/src/app/(finance)/finance/invoices/page.tsx,82,MINOR,CODE_SMELL,typescript:S7773,Prefer `Number.parseFloat` over `parseFloat`.,OPEN
AZ_Qr41Fs5KeDF11f9Gz,frontend/src/app/(finance)/finance/invoices/page.tsx,118,MAJOR,CODE_SMELL,typescript:S9011,"Add an explicit ""type"" attribute to this button.",OPEN
AZ_Qr41Fs5KeDF11f9G0,frontend/src/app/(finance)/finance/invoices/page.tsx,131,MAJOR,CODE_SMELL,typescript:S9011,"Add an explicit ""type"" attribute to this button.",OPEN
AZ_Qr41Fs5KeDF11f9G1,frontend/src/app/(finance)/finance/invoices/page.tsx,135,MAJOR,CODE_SMELL,typescript:S6853,A form label must be associated with a control.,OPEN
AZ_Qr41Fs5KeDF11f9G2,frontend/src/app/(finance)/finance/invoices/page.tsx,145,MAJOR,CODE_SMELL,typescript:S6853,A form label must be associated with a control.,OPEN
AZ_Qr41Fs5KeDF11f9G3,frontend/src/app/(finance)/finance/invoices/page.tsx,156,MAJOR,CODE_SMELL,typescript:S6853,A form label must be associated with a control.,OPEN
AZ_Qr41Fs5KeDF11f9G4,frontend/src/app/(finance)/finance/invoices/page.tsx,166,MAJOR,CODE_SMELL,typescript:S6853,A form label must be associated with a control.,OPEN
AZ_Qr41Fs5KeDF11f9G6,frontend/src/app/(finance)/finance/invoices/page.tsx,258,MINOR,CODE_SMELL,typescript:S7754,Prefer `.some(…)` over non-zero length check from `.filter(…)`.,OPEN
AZ_Qr407s5KeDF11f9Gn,frontend/src/app/(finance)/finance/settings/page.tsx,62,MAJOR,CODE_SMELL,typescript:S6853,A form label must be associated with a control.,OPEN
AZ_Qr407s5KeDF11f9Go,frontend/src/app/(finance)/finance/settings/page.tsx,66,MAJOR,CODE_SMELL,typescript:S6853,A form label must be associated with a control.,OPEN
AZ_Qr407s5KeDF11f9Gp,frontend/src/app/(finance)/finance/settings/page.tsx,70,MAJOR,CODE_SMELL,typescript:S9011,"Add an explicit ""type"" attribute to this button.",OPEN
AZ_Qr407s5KeDF11f9Gq,frontend/src/app/(finance)/finance/settings/page.tsx,89,MAJOR,CODE_SMELL,typescript:S9011,"Add an explicit ""type"" attribute to this button.",OPEN
AZ_Qr407s5KeDF11f9Gr,frontend/src/app/(finance)/finance/settings/page.tsx,106,MAJOR,CODE_SMELL,typescript:S6853,A form label must be associated with a control.,OPEN
AZ_Qr407s5KeDF11f9Gs,frontend/src/app/(finance)/finance/settings/page.tsx,115,MAJOR,CODE_SMELL,typescript:S6853,A form label must be associated with a control.,OPEN
AZ_Qr407s5KeDF11f9Gt,frontend/src/app/(finance)/finance/settings/page.tsx,118,MAJOR,CODE_SMELL,typescript:S9011,"Add an explicit ""type"" attribute to this button.",OPEN
AZ_Qr407s5KeDF11f9Gu,frontend/src/app/(finance)/finance/settings/page.tsx,132,MAJOR,CODE_SMELL,typescript:S6853,A form label must be associated with a control.,OPEN
AZ_Qr407s5KeDF11f9Gv,frontend/src/app/(finance)/finance/settings/page.tsx,137,MAJOR,CODE_SMELL,typescript:S6853,A form label must be associated with a control.,OPEN
AZ_Qr41Ps5KeDF11f9G_,frontend/src/app/(finance)/layout.tsx,8,MINOR,CODE_SMELL,typescript:S6759,Mark the props of the component as read-only.,OPEN
AZ_Qr44Ps5KeDF11f9Jy,frontend/src/app/(logistics)/layout.tsx,8,MINOR,CODE_SMELL,typescript:S6759,Mark the props of the component as read-only.,OPEN
AZ_Qr44Fs5KeDF11f9Jl,frontend/src/app/(logistics)/logistics/containers/page.tsx,94,MAJOR,CODE_SMELL,typescript:S9011,"Add an explicit ""type"" attribute to this button.",OPEN
AZ_Qr44Fs5KeDF11f9Jm,frontend/src/app/(logistics)/logistics/containers/page.tsx,95,MAJOR,CODE_SMELL,typescript:S9011,"Add an explicit ""type"" attribute to this button.",OPEN
AZ_Qr44Fs5KeDF11f9Jn,frontend/src/app/(logistics)/logistics/containers/page.tsx,110,MAJOR,CODE_SMELL,typescript:S6853,A form label must be associated with a control.,OPEN
AZ_Qr44Fs5KeDF11f9Jo,frontend/src/app/(logistics)/logistics/containers/page.tsx,111,MAJOR,CODE_SMELL,typescript:S6853,A form label must be associated with a control.,OPEN
AZ_Qr44Fs5KeDF11f9Jp,frontend/src/app/(logistics)/logistics/containers/page.tsx,116,MAJOR,CODE_SMELL,typescript:S6853,A form label must be associated with a control.,OPEN
AZ_Qr44Fs5KeDF11f9Jq,frontend/src/app/(logistics)/logistics/containers/page.tsx,117,MAJOR,CODE_SMELL,typescript:S6853,A form label must be associated with a control.,OPEN
AZ_Qr43ns5KeDF11f9I2,frontend/src/app/(logistics)/logistics/deliveries/page.tsx,118,MAJOR,CODE_SMELL,typescript:S9011,"Add an explicit ""type"" attribute to this button.",OPEN
AZ_Qr43ns5KeDF11f9I3,frontend/src/app/(logistics)/logistics/deliveries/page.tsx,119,MAJOR,CODE_SMELL,typescript:S9011,"Add an explicit ""type"" attribute to this button.",OPEN
AZ_Qr43ns5KeDF11f9I4,frontend/src/app/(logistics)/logistics/deliveries/page.tsx,145,MAJOR,CODE_SMELL,typescript:S9011,"Add an explicit ""type"" attribute to this button.",OPEN
AZ_Qr43ns5KeDF11f9I5,frontend/src/app/(logistics)/logistics/deliveries/page.tsx,150,MAJOR,CODE_SMELL,typescript:S9011,"Add an explicit ""type"" attribute to this button.",OPEN
AZ_Qr43ns5KeDF11f9I6,frontend/src/app/(logistics)/logistics/deliveries/page.tsx,170,MAJOR,CODE_SMELL,typescript:S6853,A form label must be associated with a control.,OPEN
AZ_Qr43ns5KeDF11f9I7,frontend/src/app/(logistics)/logistics/deliveries/page.tsx,171,MAJOR,CODE_SMELL,typescript:S6853,A form label must be associated with a control.,OPEN
AZ_Qr43ns5KeDF11f9I8,frontend/src/app/(logistics)/logistics/deliveries/page.tsx,172,MAJOR,CODE_SMELL,typescript:S6853,A form label must be associated with a control.,OPEN
AZ_Qr43ns5KeDF11f9I9,frontend/src/app/(logistics)/logistics/deliveries/page.tsx,173,MAJOR,CODE_SMELL,typescript:S6853,A form label must be associated with a control.,OPEN
AZ_Qr43ns5KeDF11f9I-,frontend/src/app/(logistics)/logistics/deliveries/page.tsx,174,MAJOR,CODE_SMELL,typescript:S6853,A form label must be associated with a control.,OPEN
AZ_Qr43ds5KeDF11f9Ij,frontend/src/app/(logistics)/logistics/routes/page.tsx,111,MAJOR,CODE_SMELL,typescript:S9011,"Add an explicit ""type"" attribute to this button.",OPEN
AZ_Qr43ds5KeDF11f9Ik,frontend/src/app/(logistics)/logistics/routes/page.tsx,112,MAJOR,CODE_SMELL,typescript:S9011,"Add an explicit ""type"" attribute to this button.",OPEN
AZ_Qr43ds5KeDF11f9Io,frontend/src/app/(logistics)/logistics/routes/page.tsx,136,MAJOR,CODE_SMELL,typescript:S6853,A form label must be associated with a control.,OPEN
AZ_Qr43ds5KeDF11f9Ip,frontend/src/app/(logistics)/logistics/routes/page.tsx,137,MAJOR,CODE_SMELL,typescript:S6853,A form label must be associated with a control.,OPEN
AZ_Qr43ds5KeDF11f9Iq,frontend/src/app/(logistics)/logistics/routes/page.tsx,138,MAJOR,CODE_SMELL,typescript:S6853,A form label must be associated with a control.,OPEN
AZ_Qr43ys5KeDF11f9JI,frontend/src/app/(logistics)/logistics/shipments/page.tsx,105,MAJOR,CODE_SMELL,typescript:S9011,"Add an explicit ""type"" attribute to this button.",OPEN
AZ_Qr43ys5KeDF11f9JJ,frontend/src/app/(logistics)/logistics/shipments/page.tsx,108,MAJOR,CODE_SMELL,typescript:S9011,"Add an explicit ""type"" attribute to this button.",OPEN
AZ_Qr43ys5KeDF11f9JM,frontend/src/app/(logistics)/logistics/shipments/page.tsx,121,MAJOR,CODE_SMELL,typescript:S6853,A form label must be associated with a control.,OPEN
AZ_Qr43ys5KeDF11f9JN,frontend/src/app/(logistics)/logistics/shipments/page.tsx,122,MAJOR,CODE_SMELL,typescript:S6853,A form label must be associated with a control.,OPEN
AZ_Qr438s5KeDF11f9Jb,frontend/src/app/(logistics)/logistics/team/page.tsx,109,MAJOR,CODE_SMELL,typescript:S9011,"Add an explicit ""type"" attribute to this button.",OPEN
AZ_Qr438s5KeDF11f9Jc,frontend/src/app/(logistics)/logistics/team/page.tsx,134,MINOR,CODE_SMELL,typescript:S7773,Prefer `Number.parseInt` over `parseInt`.,OPEN
AZ_Qr4vLs5KeDF11f9EY,frontend/src/app/(protected)/layout.tsx,8,MINOR,CODE_SMELL,typescript:S6759,Mark the props of the component as read-only.,OPEN
AZ_Qr4vDs5KeDF11f9EX,frontend/src/app/(protected)/profile/page.tsx,148,MINOR,CODE_SMELL,typescript:S6759,Mark the props of the component as read-only.,OPEN
AZ_Qr40es5KeDF11f9Gg,frontend/src/app/(public)/about/page.tsx,4,MINOR,CODE_SMELL,typescript:S1128,Remove this unused import of 'ArrowRight'.,OPEN
AZ_Qr40es5KeDF11f9Gh,frontend/src/app/(public)/about/page.tsx,61,MINOR,CODE_SMELL,typescript:S7723,Use `new Array()` instead of `Array()`.,OPEN
AZ_Qr40es5KeDF11f9Gi,frontend/src/app/(public)/about/page.tsx,63,MAJOR,CODE_SMELL,typescript:S6479,Do not use Array index in keys,OPEN
AZ_Qr40os5KeDF11f9Gj,frontend/src/app/(public)/careers/page.tsx,65,MINOR,CODE_SMELL,typescript:S7723,Use `new Array()` instead of `Array()`.,OPEN
AZ_Qr40os5KeDF11f9Gk,frontend/src/app/(public)/careers/page.tsx,66,MAJOR,CODE_SMELL,typescript:S6479,Do not use Array index in keys,OPEN
AZ_Qr4y8s5KeDF11f9F8,frontend/src/app/(public)/contact/page.tsx,27,MINOR,CODE_SMELL,typescript:S7723,Use `new Array()` instead of `Array()`.,OPEN
AZ_Qr4y8s5KeDF11f9F9,frontend/src/app/(public)/contact/page.tsx,28,MAJOR,CODE_SMELL,typescript:S6479,Do not use Array index in keys,OPEN
AZ_Qr4y8s5KeDF11f9F-,frontend/src/app/(public)/contact/page.tsx,110,MAJOR,CODE_SMELL,typescript:S6479,Do not use Array index in keys,OPEN
AZ_Qr4xrs5KeDF11f9FX,frontend/src/app/(public)/customs-hubs/page.tsx,33,MINOR,CODE_SMELL,typescript:S7723,Use `new Array()` instead of `Array()`.,OPEN
AZ_Qr4xrs5KeDF11f9FY,frontend/src/app/(public)/customs-hubs/page.tsx,34,MAJOR,CODE_SMELL,typescript:S6479,Do not use Array index in keys,OPEN
AZ_Qr4z1s5KeDF11f9GL,frontend/src/app/(public)/global-offices/page.tsx,36,MINOR,CODE_SMELL,typescript:S7723,Use `new Array()` instead of `Array()`.,OPEN
AZ_Qr4z1s5KeDF11f9GM,frontend/src/app/(public)/global-offices/page.tsx,37,MAJOR,CODE_SMELL,typescript:S6479,Do not use Array index in keys,OPEN
AZ_Qr4zis5KeDF11f9GI,frontend/src/app/(public)/layout.tsx,4,MINOR,CODE_SMELL,typescript:S6759,Mark the props of the component as read-only.,OPEN
AZ_Qr4x1s5KeDF11f9FZ,frontend/src/app/(public)/partners/page.tsx,6,MINOR,CODE_SMELL,typescript:S1128,Remove this unused import of 'Link'.,OPEN
AZ_Qr4x1s5KeDF11f9Fb,frontend/src/app/(public)/partners/page.tsx,84,MINOR,CODE_SMELL,typescript:S7723,Use `new Array()` instead of `Array()`.,OPEN
AZ_Qr4x1s5KeDF11f9Fc,frontend/src/app/(public)/partners/page.tsx,85,MAJOR,CODE_SMELL,typescript:S6479,Do not use Array index in keys,OPEN
AZ_Qr4x1s5KeDF11f9Fh,frontend/src/app/(public)/partners/page.tsx,189,MAJOR,CODE_SMELL,typescript:S6853,A form label must be associated with a control.,OPEN
AZ_Qr40Js5KeDF11f9GP,frontend/src/app/(public)/press-kit/page.tsx,35,MINOR,CODE_SMELL,typescript:S7723,Use `new Array()` instead of `Array()`.,OPEN
AZ_Qr40Js5KeDF11f9GQ,frontend/src/app/(public)/press-kit/page.tsx,36,MAJOR,CODE_SMELL,typescript:S6479,Do not use Array index in keys,OPEN
AZ_Qr4z_s5KeDF11f9GN,frontend/src/app/(public)/privacy-policy/page.tsx,85,MINOR,CODE_SMELL,typescript:S7723,Use `new Array()` instead of `Array()`.,OPEN
AZ_Qr4z_s5KeDF11f9GO,frontend/src/app/(public)/privacy-policy/page.tsx,86,MAJOR,CODE_SMELL,typescript:S6479,Do not use Array index in keys,OPEN
AZ_Qr40Ts5KeDF11f9GS,frontend/src/app/(public)/quote/page.tsx,146,MAJOR,CODE_SMELL,typescript:S6853,A form label must be associated with a control.,OPEN
AZ_Qr40Ts5KeDF11f9GT,frontend/src/app/(public)/quote/page.tsx,154,MAJOR,CODE_SMELL,typescript:S6853,A form label must be associated with a control.,OPEN
AZ_Qr40Ts5KeDF11f9GU,frontend/src/app/(public)/quote/page.tsx,163,MAJOR,CODE_SMELL,typescript:S9011,"Add an explicit ""type"" attribute to this button.",OPEN
AZ_Qr40Ts5KeDF11f9GV,frontend/src/app/(public)/quote/page.tsx,175,MAJOR,CODE_SMELL,typescript:S6853,A form label must be associated with a control.,OPEN
AZ_Qr40Ts5KeDF11f9GW,frontend/src/app/(public)/quote/page.tsx,184,MAJOR,CODE_SMELL,typescript:S6853,A form label must be associated with a control.,OPEN
AZ_Qr40Ts5KeDF11f9GY,frontend/src/app/(public)/quote/page.tsx,189,MAJOR,CODE_SMELL,typescript:S6853,A form label must be associated with a control.,OPEN
AZ_Qr40Ts5KeDF11f9Ga,frontend/src/app/(public)/quote/page.tsx,194,MAJOR,CODE_SMELL,typescript:S9011,"Add an explicit ""type"" attribute to this button.",OPEN
AZ_Qr40Ts5KeDF11f9Gb,frontend/src/app/(public)/quote/page.tsx,195,MAJOR,CODE_SMELL,typescript:S9011,"Add an explicit ""type"" attribute to this button.",OPEN
AZ_Qr40Ts5KeDF11f9Gd,frontend/src/app/(public)/quote/page.tsx,225,MAJOR,CODE_SMELL,typescript:S9011,"Add an explicit ""type"" attribute to this button.",OPEN
AZ_Qr4xXs5KeDF11f9FT,frontend/src/app/(public)/services/air-freight/page.tsx,181,MAJOR,CODE_SMELL,typescript:S9011,"Add an explicit ""type"" attribute to this button.",OPEN
AZ_Qr4xXs5KeDF11f9FU,frontend/src/app/(public)/services/air-freight/page.tsx,186,MAJOR,CODE_SMELL,typescript:S9011,"Add an explicit ""type"" attribute to this button.",OPEN
AZ_Qr4wus5KeDF11f9FG,frontend/src/app/(public)/services/sea-freight/page.tsx,4,MINOR,CODE_SMELL,typescript:S1128,Remove this unused import of 'Clock'.,OPEN
AZ_Qr4wus5KeDF11f9FH,frontend/src/app/(public)/services/sea-freight/page.tsx,157,MAJOR,CODE_SMELL,typescript:S6479,Do not use Array index in keys,OPEN
AZ_Qr4wus5KeDF11f9FI,frontend/src/app/(public)/services/sea-freight/page.tsx,274,MAJOR,CODE_SMELL,typescript:S9011,"Add an explicit ""type"" attribute to this button.",OPEN
AZ_Qr4wus5KeDF11f9FJ,frontend/src/app/(public)/services/sea-freight/page.tsx,279,MAJOR,CODE_SMELL,typescript:S9011,"Add an explicit ""type"" attribute to this button.",OPEN
AZ_Qr4yAs5KeDF11f9Fi,frontend/src/app/(public)/solutions/page.tsx,3,MINOR,CODE_SMELL,typescript:S1128,Remove this unused import of 'CheckCircle2'.,OPEN
AZ_Qr4zss5KeDF11f9GJ,frontend/src/app/(public)/terms-of-service/page.tsx,86,MINOR,CODE_SMELL,typescript:S7723,Use `new Array()` instead of `Array()`.,OPEN
AZ_Qr4zss5KeDF11f9GK,frontend/src/app/(public)/terms-of-service/page.tsx,87,MAJOR,CODE_SMELL,typescript:S6479,Do not use Array index in keys,OPEN
AZ_Qr4yes5KeDF11f9Fn,frontend/src/app/(public)/track/page.tsx,4,MINOR,CODE_SMELL,typescript:S1128,Remove this unused import of 'Package'.,OPEN
AZ_Qr4yes5KeDF11f9Fo,frontend/src/app/(public)/track/page.tsx,4,MINOR,CODE_SMELL,typescript:S1128,Remove this unused import of 'Ship'.,OPEN
AZ_Qr4yes5KeDF11f9Fp,frontend/src/app/(public)/track/page.tsx,4,MINOR,CODE_SMELL,typescript:S1128,Remove this unused import of 'Truck'.,OPEN
AZ_Qr4yes5KeDF11f9Fq,frontend/src/app/(public)/track/page.tsx,4,MINOR,CODE_SMELL,typescript:S1128,Remove this unused import of 'MapPin'.,OPEN
AZ_Qr4yes5KeDF11f9Fr,frontend/src/app/(public)/track/page.tsx,53,MINOR,CODE_SMELL,typescript:S7723,Use `new Array()` instead of `Array()`.,OPEN
AZ_Qr4yes5KeDF11f9Fs,frontend/src/app/(public)/track/page.tsx,54,MAJOR,CODE_SMELL,typescript:S6479,Do not use Array index in keys,OPEN
AZ_Qr4yys5KeDF11f9F6,frontend/src/app/(public)/warehouse-network/page.tsx,33,MINOR,CODE_SMELL,typescript:S7723,Use `new Array()` instead of `Array()`.,OPEN
AZ_Qr4yys5KeDF11f9F7,frontend/src/app/(public)/warehouse-network/page.tsx,34,MAJOR,CODE_SMELL,typescript:S6479,Do not use Array index in keys,OPEN
AZ_Qr45Is5KeDF11f9KG,frontend/src/app/(support)/layout.tsx,9,MINOR,CODE_SMELL,typescript:S6759,Mark the props of the component as read-only.,OPEN
AZ_Qr44_s5KeDF11f9KF,frontend/src/app/(support)/support/page.tsx,106,MAJOR,CODE_SMELL,typescript:S3358,Extract this nested ternary operation into an independent statement.,OPEN
AZ_Qr442s5KeDF11f9J6,frontend/src/app/(support)/support/team/page.tsx,99,MAJOR,CODE_SMELL,typescript:S9011,"Add an explicit ""type"" attribute to this button.",OPEN
AZ_Qr442s5KeDF11f9J7,frontend/src/app/(support)/support/team/page.tsx,110,MAJOR,CODE_SMELL,typescript:S9011,"Add an explicit ""type"" attribute to this button.",OPEN
AZ_Qr442s5KeDF11f9J8,frontend/src/app/(support)/support/team/page.tsx,136,MINOR,CODE_SMELL,typescript:S7773,Prefer `Number.parseInt` over `parseInt`.,OPEN
AZ_Qr43Us5KeDF11f9Ig,frontend/src/app/(warehouse)/layout.tsx,8,MINOR,CODE_SMELL,typescript:S6759,Mark the props of the component as read-only.,OPEN
AZ_Qr42_s5KeDF11f9IS,frontend/src/app/(warehouse)/warehouse/inventory/page.tsx,84,MINOR,CODE_SMELL,typescript:S6582,"Prefer using an optional chain expression instead, as it's more concise and easier to read.",OPEN
AZ_Qr42qs5KeDF11f9H4,frontend/src/app/(warehouse)/warehouse/settings/page.tsx,55,MAJOR,CODE_SMELL,typescript:S6853,A form label must be associated with a control.,OPEN
AZ_Qr42qs5KeDF11f9H5,frontend/src/app/(warehouse)/warehouse/settings/page.tsx,62,MAJOR,CODE_SMELL,typescript:S6853,A form label must be associated with a control.,OPEN
AZ_Qr42qs5KeDF11f9H6,frontend/src/app/(warehouse)/warehouse/settings/page.tsx,69,MAJOR,CODE_SMELL,typescript:S9011,"Add an explicit ""type"" attribute to this button.",OPEN
AZ_Qr42qs5KeDF11f9H7,frontend/src/app/(warehouse)/warehouse/settings/page.tsx,88,MAJOR,CODE_SMELL,typescript:S9011,"Add an explicit ""type"" attribute to this button.",OPEN
AZ_Qr42qs5KeDF11f9H8,frontend/src/app/(warehouse)/warehouse/settings/page.tsx,107,MAJOR,CODE_SMELL,typescript:S6853,A form label must be associated with a control.,OPEN
AZ_Qr42qs5KeDF11f9H9,frontend/src/app/(warehouse)/warehouse/settings/page.tsx,117,MAJOR,CODE_SMELL,typescript:S6853,A form label must be associated with a control.,OPEN
AZ_Qr42qs5KeDF11f9H-,frontend/src/app/(warehouse)/warehouse/settings/page.tsx,124,MAJOR,CODE_SMELL,typescript:S9011,"Add an explicit ""type"" attribute to this button.",OPEN
AZ_Qr42qs5KeDF11f9H_,frontend/src/app/(warehouse)/warehouse/settings/page.tsx,138,MAJOR,CODE_SMELL,typescript:S6853,A form label must be associated with a control.,OPEN
AZ_Qr42qs5KeDF11f9IA,frontend/src/app/(warehouse)/warehouse/settings/page.tsx,143,MAJOR,CODE_SMELL,typescript:S6853,A form label must be associated with a control.,OPEN
AZ_Qr421s5KeDF11f9IF,frontend/src/app/(warehouse)/warehouse/team/page.tsx,114,MAJOR,CODE_SMELL,typescript:S9011,"Add an explicit ""type"" attribute to this button.",OPEN
AZ_Qr421s5KeDF11f9IG,frontend/src/app/(warehouse)/warehouse/team/page.tsx,125,MAJOR,CODE_SMELL,typescript:S9011,"Add an explicit ""type"" attribute to this button.",OPEN
AZ_Qr421s5KeDF11f9IH,frontend/src/app/(warehouse)/warehouse/team/page.tsx,151,MINOR,CODE_SMELL,typescript:S7773,Prefer `Number.parseInt` over `parseInt`.,OPEN
AZ_Qr44Zs5KeDF11f9Jz,frontend/src/app/template.tsx,6,MINOR,CODE_SMELL,typescript:S6759,Mark the props of the component as read-only.,OPEN
AZ_Qr4rTs5KeDF11f9Cf,frontend/src/components/auth/ProtectedRoute.tsx,27,MINOR,CODE_SMELL,typescript:S6759,Mark the props of the component as read-only.,OPEN
AZ_Qr4q-s5KeDF11f9CS,frontend/src/components/dashboards/FinanceDashboard.tsx,214,MAJOR,CODE_SMELL,typescript:S9011,"Add an explicit ""type"" attribute to this button.",OPEN
AZ_Qr4rKs5KeDF11f9CY,frontend/src/components/dashboards/WarehouseDashboard.tsx,150,MAJOR,CODE_SMELL,typescript:S3358,Extract this nested ternary operation into an independent statement.,OPEN
AZ_Qr4rKs5KeDF11f9Ca,frontend/src/components/dashboards/WarehouseDashboard.tsx,250,MAJOR,CODE_SMELL,typescript:S6479,Do not use Array index in keys,OPEN
AZ_Qr4qes5KeDF11f9B1,frontend/src/components/providers/AppProviders.tsx,13,MINOR,CODE_SMELL,typescript:S6759,Mark the props of the component as read-only.,OPEN
AZ_Qr4qJs5KeDF11f9Bj,frontend/src/components/shared/CustomsSidebar.tsx,5,MINOR,CODE_SMELL,typescript:S1128,Remove this unused import of 'Globe'.,OPEN
AZ_Qr4qJs5KeDF11f9Bk,frontend/src/components/shared/CustomsSidebar.tsx,58,MAJOR,CODE_SMELL,typescript:S9011,"Add an explicit ""type"" attribute to this button.",OPEN
AZ_Qr4pQs5KeDF11f9BP,frontend/src/components/shared/FinanceSidebar.tsx,4,MINOR,CODE_SMELL,typescript:S3863,'next/navigation' imported multiple times.,OPEN
AZ_Qr4pQs5KeDF11f9BQ,frontend/src/components/shared/FinanceSidebar.tsx,9,MINOR,CODE_SMELL,typescript:S3863,'next/navigation' imported multiple times.,OPEN
AZ_Qr4pQs5KeDF11f9BR,frontend/src/components/shared/FinanceSidebar.tsx,62,MAJOR,CODE_SMELL,typescript:S9011,"Add an explicit ""type"" attribute to this button.",OPEN
AZ_Qr4ozs5KeDF11f9BF,frontend/src/components/shared/LogisticsSidebar.tsx,5,MINOR,CODE_SMELL,typescript:S1128,Remove this unused import of 'Truck'.,OPEN
AZ_Qr4ozs5KeDF11f9BG,frontend/src/components/shared/LogisticsSidebar.tsx,58,MAJOR,CODE_SMELL,typescript:S9011,"Add an explicit ""type"" attribute to this button.",OPEN
AZ_Qr4p3s5KeDF11f9Be,frontend/src/components/shared/PublicNavbar.tsx,110,MAJOR,CODE_SMELL,typescript:S9011,"Add an explicit ""type"" attribute to this button.",OPEN
AZ_Qr4pZs5KeDF11f9BS,frontend/src/components/shared/SupportSidebar.tsx,58,MAJOR,CODE_SMELL,typescript:S9011,"Add an explicit ""type"" attribute to this button.",OPEN
AZ_Qr4qAs5KeDF11f9Bg,frontend/src/components/shared/WarehouseSidebar.tsx,4,MINOR,CODE_SMELL,typescript:S3863,'next/navigation' imported multiple times.,OPEN
AZ_Qr4qAs5KeDF11f9Bh,frontend/src/components/shared/WarehouseSidebar.tsx,9,MINOR,CODE_SMELL,typescript:S3863,'next/navigation' imported multiple times.,OPEN
AZ_Qr4qAs5KeDF11f9Bi,frontend/src/components/shared/WarehouseSidebar.tsx,63,MAJOR,CODE_SMELL,typescript:S9011,"Add an explicit ""type"" attribute to this button.",OPEN
AZ_Qr4pjs5KeDF11f9BT,frontend/src/components/shared/WorldMap.tsx,22,MINOR,CODE_SMELL,typescript:S6759,Mark the props of the component as read-only.,OPEN
AZ_Qr4pjs5KeDF11f9BU,frontend/src/components/shared/WorldMap.tsx,26,MINOR,CODE_SMELL,typescript:S7769,Prefer `Math.hypot(…)` over `Math.sqrt(…)`.,OPEN
AZ_Qr4ois5KeDF11f9A_,frontend/src/components/ui/FormField.tsx,26,CRITICAL,CODE_SMELL,typescript:S3776,Refactor this function to reduce its Cognitive Complexity from 16 to the 15 allowed.,OPEN
AZ_Qr4ois5KeDF11f9BA,frontend/src/components/ui/FormField.tsx,26,MINOR,CODE_SMELL,typescript:S6759,Mark the props of the component as read-only.,OPEN
AZ_Qr4ois5KeDF11f9BB,frontend/src/components/ui/FormField.tsx,70,MAJOR,CODE_SMELL,typescript:S3358,Extract this nested ternary operation into an independent statement.,OPEN
AZ_Qr4ois5KeDF11f9BC,frontend/src/components/ui/FormField.tsx,81,MAJOR,CODE_SMELL,typescript:S3358,Extract this nested ternary operation into an independent statement.,OPEN
AZ_Qr4ois5KeDF11f9BD,frontend/src/components/ui/FormField.tsx,92,MAJOR,CODE_SMELL,typescript:S3358,Extract this nested ternary operation into an independent statement.,OPEN
AZ_Qr4oHs5KeDF11f9A2,frontend/src/components/ui/LiveMap.tsx,7,MINOR,CODE_SMELL,typescript:S6767,'lat' PropType is defined but prop is never used,OPEN
AZ_Qr4oHs5KeDF11f9A3,frontend/src/components/ui/LiveMap.tsx,8,MINOR,CODE_SMELL,typescript:S6767,'lng' PropType is defined but prop is never used,OPEN
AZ_Qr4oHs5KeDF11f9A4,frontend/src/components/ui/LiveMap.tsx,24,MINOR,CODE_SMELL,typescript:S6759,Mark the props of the component as read-only.,OPEN
AZ_Qr4oHs5KeDF11f9A5,frontend/src/components/ui/LiveMap.tsx,88,MAJOR,CODE_SMELL,typescript:S6479,Do not use Array index in keys,OPEN
AZ_Qr4oHs5KeDF11f9A6,frontend/src/components/ui/LiveMap.tsx,157,MAJOR,CODE_SMELL,typescript:S6479,Do not use Array index in keys,OPEN
AZ_Qr4oZs5KeDF11f9A-,frontend/src/components/ui/button.tsx,12,MAJOR,CODE_SMELL,typescript:S9011,"Add an explicit ""type"" attribute to this button.",OPEN
AZ_Qr4n1s5KeDF11f9Ay,frontend/src/components/ui/card.tsx,15,MAJOR,CODE_SMELL,typescript:S6850,Headings must have content and the content must be accessible by a screen reader.,OPEN
AZ_Qr46ds5KeDF11f9Kb,frontend/src/context/AuthContext.tsx,50,MINOR,CODE_SMELL,typescript:S6759,Mark the props of the component as read-only.,OPEN
AZ_Qr46rs5KeDF11f9Kc,frontend/src/context/ToastContext.tsx,44,MINOR,CODE_SMELL,typescript:S6759,Mark the props of the component as read-only.,OPEN
AZ_Qr46ss5KeDF11f9Kd,frontend/src/context/ToastContext.tsx,53,MAJOR,VULNERABILITY,typescript:S2245,Make sure that using this pseudorandom number generator is safe here.,OPEN
AZ_Qr46ss5KeDF11f9Ke,frontend/src/context/ToastContext.tsx,83,MAJOR,CODE_SMELL,typescript:S6819,"Use <output> instead of the ""status"" role to ensure accessibility across all devices.",OPEN
AZ_Qr46Rs5KeDF11f9Ka,frontend/src/lib/auth-store.ts,183,CRITICAL,CODE_SMELL,typescript:S1186,Unexpected empty function 'setSession'.,OPEN
AZ_Qr45_s5KeDF11f9KR,frontend/src/lib/validation.ts,24,MAJOR,CODE_SMELL,typescript:S8786,"Simplify this regular expression to reduce its runtime, as it has super-linear performance due to backtracking.",OPEN
AZ_Qr45_s5KeDF11f9KU,frontend/src/lib/validation.ts,58,MINOR,CODE_SMELL,typescript:S6353,Use concise character class syntax '\d' instead of '[0-9]'.,OPEN
AZ_Qr45_s5KeDF11f9KY,frontend/src/lib/validation.ts,145,MINOR,CODE_SMELL,typescript:S6353,Use concise character class syntax '\d' instead of '[0-9]'.,OPEN
